consumer_muni,consumer_industry,consumer_cell,s_foreign_
101,s01,101s01,0.1528025693416272
101,s02,101s02,0.1334992166903652
101,s03,101s03,0.1373631950191188
101,s04,101s04,0.1314474571953088
101,s05,101s05,0.1178505468248195
101,s06,101s06,0.1339836330662821
101,s07,101s07,0.1064177764128774
101,s08,101s08,0.0944373844048182
101,s09,101s09,0.1246447744311717
101,s10,101s10,0.0998034872951745
101,s11,101s11,0.1279452623804376
101,s12,101s12,0.1298638573324094
101,s13,101s13,0.1431468140830777
101,s14,101s14,0.1396629815527564
101,s15,101s15,0.1421930135144273
101,s16,101s16,0.1386539884888477
101,s17,101s17,0.1256291606041815
101,s18,101s18,0.1138801471789812
101,s19,101s19,0.1319343155841481
101,s20,101s20,0.1102049375285271
101,s21,101s21,0.1070017746258051
101,s22,101s22,0.136188381951268
101,s23,101s23,0.0859512452958744
101,s24,101s24,0.1257269679024486
101,s25,101s25,0.1725498743037004
101,s26,101s26,0.1393598459579697
101,s27,101s27,0.1167652846362322
101,s28,101s28,0.1064491255536641
147,s01,147s01,0.1464562996978945
147,s02,147s02,0.1271529470466325
147,s03,147s03,0.1310169253753862
147,s04,147s04,0.1251011875515762
147,s05,147s05,0.1115042771810868
147,s06,147s06,0.1276373634225495
147,s07,147s07,0.1000715067691448
147,s08,147s08,0.0880911147610855
147,s09,147s09,0.118298504787439
147,s10,147s10,0.093457217651442
147,s11,147s11,0.121598992736705
147,s12,147s12,0.1235175876886767
147,s13,147s13,0.1368005444393449
147,s14,147s14,0.1333167119090238
147,s15,147s15,0.1358467438706946
147,s16,147s16,0.1323077188451152
147,s17,147s17,0.1192828909604488
147,s18,147s18,0.1075338775352485
147,s19,147s19,0.1255880459404154
147,s20,147s20,0.1038586678847945
147,s21,147s21,0.1006555049820724
147,s22,147s22,0.1298421123075354
147,s23,147s23,0.0796049756521418
147,s24,147s24,0.1193806982587159
147,s25,147s25,0.1662036046599676
147,s26,147s26,0.1330135763142369
147,s27,147s27,0.1104190149924995
147,s28,147s28,0.1001028559099315
151,s01,151s01,0.1029961788547592
151,s02,151s02,0.0836928262034972
151,s03,151s03,0.087556804532251
151,s04,151s04,0.0816410667084409
151,s05,151s05,0.0680441563379516
151,s06,151s06,0.0841772425794142
151,s07,151s07,0.0566113859260095
151,s08,151s08,0.0446309939179503
151,s09,151s09,0.0748383839443038
151,s10,151s10,0.0499970968083067
151,s11,151s11,0.0781388718935697
151,s12,151s12,0.0800574668455414
151,s13,151s13,0.0933404235962098
151,s14,151s14,0.0898565910658886
151,s15,151s15,0.0923866230275595
151,s16,151s16,0.0888475980019799
151,s17,151s17,0.0758227701173135
151,s18,151s18,0.0640737566921133
151,s19,151s19,0.0821279250972803
151,s20,151s20,0.0603985470416593
151,s21,151s21,
151,s22,151s22,0.0863819914644001
151,s23,151s23,0.0361448548090066
151,s24,151s24,0.0759205774155807
151,s25,151s25,0.1227434838168324
151,s26,151s26,0.0895534554711017
151,s27,151s27,0.0669588941493642
151,s28,151s28,0.0566427350667962
153,s01,153s01,0.1028712632485054
153,s02,153s02,0.0835679105972434
153,s03,153s03,0.0874318889259972
153,s04,153s04,0.0815161511021872
153,s05,153s05,0.0679192407316977
153,s06,153s06,0.0840523269731604
153,s07,153s07,0.0564864703197557
153,s08,153s08,0.0445060783116965
153,s09,153s09,0.07471346833805
153,s10,153s10,0.0498721812020529
153,s11,153s11,0.0780139562873159
153,s12,153s12,0.0799325512392877
153,s13,153s13,0.0932155079899561
153,s14,153s14,0.0897316754596348
153,s15,153s15,0.0922617074213057
153,s16,153s16,0.0887226823957261
153,s17,153s17,0.0756978545110598
153,s18,153s18,0.0639488410858595
153,s19,153s19,
153,s20,153s20,0.0602736314354055
153,s21,153s21,0.0570704685326834
153,s22,153s22,0.0862570758581464
153,s23,153s23,0.0360199392027528
153,s24,153s24,0.0757956618093269
153,s25,153s25,0.1226185682105786
153,s26,153s26,0.0894285398648479
153,s27,153s27,0.0668339785431105
153,s28,153s28,0.0565178194605425
155,s01,155s01,0.1057437205623742
155,s02,155s02,0.0864403679111123
155,s03,155s03,0.090304346239866
155,s04,155s04,0.0843886084160559
155,s05,155s05,0.0707916980455666
155,s06,155s06,0.0869247842870293
155,s07,155s07,0.0593589276336245
155,s08,155s08,0.0473785356255653
155,s09,155s09,0.0775859256519189
155,s10,155s10,0.0527446385159217
155,s11,155s11,0.0808864136011847
155,s12,155s12,0.0828050085531565
155,s13,155s13,0.0960879653038248
155,s14,155s14,0.0926041327735036
155,s15,155s15,0.0951341647351745
155,s16,155s16,0.0915951397095949
155,s17,155s17,0.0785703118249286
155,s18,155s18,0.0668212983997283
155,s19,155s19,
155,s20,155s20,0.0631460887492743
155,s21,155s21,0.0599429258465522
155,s22,155s22,0.0891295331720152
155,s23,155s23,0.0388923965166216
155,s24,155s24,0.0786681191231958
155,s25,155s25,0.1254910255244475
155,s26,155s26,0.0923009971787168
155,s27,155s27,0.0697064358569793
155,s28,155s28,0.0593902767744112
157,s01,157s01,0.1425801984722797
157,s02,157s02,0.1232768458210179
157,s03,157s03,0.1271408241497716
157,s04,157s04,0.1212250863259615
157,s05,157s05,0.1076281759554722
157,s06,157s06,0.1237612621969348
157,s07,157s07,0.0961954055435301
157,s08,157s08,0.0842150135354709
157,s09,157s09,0.1144224035618244
157,s10,157s10,0.0895811164258272
157,s11,157s11,0.1177228915110903
157,s12,157s12,0.1196414864630621
157,s13,157s13,0.1329244432137305
157,s14,157s14,0.1294406106834092
157,s15,157s15,0.13197064264508
157,s16,157s16,0.1284316176195004
157,s17,157s17,0.1154067897348341
157,s18,157s18,0.1036577763096339
157,s19,157s19,0.1217119447148009
157,s20,157s20,0.0999825666591799
157,s21,157s21,0.0967794037564577
157,s22,157s22,0.1259660110819205
157,s23,157s23,0.0757288744265271
157,s24,157s24,0.1155045970331012
157,s25,157s25,0.162327503434353
157,s26,157s26,0.1291374750886223
157,s27,157s27,0.1065429137668848
157,s28,157s28,0.0962267546843168
159,s01,159s01,0.1197059039581765
159,s02,159s02,0.1004025513069145
159,s03,159s03,0.1042665296356683
159,s04,159s04,0.0983507918118583
159,s05,159s05,0.0847538814413689
159,s06,159s06,0.1008869676828315
159,s07,159s07,0.0733211110294268
159,s08,159s08,0.0613407190213677
159,s09,159s09,0.0915481090477211
159,s10,159s10,0.0667068219117239
159,s11,159s11,0.094848596996987
159,s12,159s12,0.0967671919489588
159,s13,159s13,0.1100501486996271
159,s14,159s14,0.1065663161693059
159,s15,159s15,0.1090963481309768
159,s16,159s16,0.1055573231053972
159,s17,159s17,0.0925324952207309
159,s18,159s18,0.0807834817955306
159,s19,159s19,0.0988376502006976
159,s20,159s20,0.0771082721450766
159,s21,159s21,0.0739051092423545
159,s22,159s22,0.1030917165678174
159,s23,159s23,0.0528545799124238
159,s24,159s24,0.092630302518998
159,s25,159s25,0.1394532089202498
159,s26,159s26,0.1062631805745191
159,s27,159s27,0.0836686192527816
159,s28,159s28,0.0733524601702136
161,s01,161s01,0.1047940541043487
161,s02,161s02,0.0854907014530868
161,s03,161s03,0.0893546797818406
161,s04,161s04,0.0834389419580305
161,s05,161s05,0.0698420315875412
161,s06,161s06,0.0859751178290038
161,s07,161s07,0.058409261175599
161,s08,161s08,0.0464288691675399
161,s09,161s09,0.0766362591938933
161,s10,161s10,0.0517949720578962
161,s11,161s11,0.0799367471431592
161,s12,161s12,0.0818553420951311
161,s13,161s13,0.0951382988457994
161,s14,161s14,0.0916544663154782
161,s15,161s15,0.0941844982771491
161,s16,161s16,0.0906454732515694
161,s17,161s17,0.0776206453669031
161,s18,161s18,0.0658716319417028
161,s19,161s19,
161,s20,161s20,0.0621964222912488
161,s21,161s21,
161,s22,161s22,0.0881798667139897
161,s23,161s23,0.0379427300585961
161,s24,161s24,0.0777184526651703
161,s25,161s25,0.124541359066422
161,s26,161s26,0.0913513307206913
161,s27,161s27,0.0687567693989538
161,s28,161s28,0.0584406103163858
163,s01,163s01,0.103436178053418
163,s02,163s02,0.084132825402156
163,s03,163s03,0.0879968037309098
163,s04,163s04,0.0820810659070997
163,s05,163s05,0.0684841555366103
163,s06,163s06,0.084617241778073
163,s07,163s07,0.0570513851246683
163,s08,163s08,0.0450709931166091
163,s09,163s09,0.0752783831429625
163,s10,163s10,0.0504370960069655
163,s11,163s11,0.0785788710922285
163,s12,163s12,0.0804974660442003
163,s13,163s13,0.0937804227948685
163,s14,163s14,0.0902965902645473
163,s15,163s15,0.0928266222262182
163,s16,163s16,0.0892875972006386
163,s17,163s17,0.0762627693159723
163,s18,163s18,0.0645137558907721
163,s19,163s19,
163,s20,163s20,0.060838546240318
163,s21,163s21,
163,s22,163s22,0.0868219906630589
163,s23,163s23,0.0365848540076653
163,s24,163s24,0.0763605766142395
163,s25,163s25,0.1231834830154912
163,s26,163s26,0.0899934546697606
163,s27,163s27,0.067398893348023
163,s28,163s28,0.057082734265455
165,s01,165s01,0.0934614362405735
165,s02,165s02,0.0741580835893115
165,s03,165s03,0.0780220619180654
165,s04,165s04,0.0721063240942552
165,s05,165s05,0.0585094137237659
165,s06,165s06,0.0746424999652286
165,s07,165s07,0.0470766433118238
165,s08,165s08,0.0350962513037647
165,s09,165s09,0.0653036413301182
165,s10,165s10,0.040462354194121
165,s11,165s11,0.0686041292793841
165,s12,165s12,0.0705227242313558
165,s13,165s13,0.0838056809820241
165,s14,165s14,0.080321848451703
165,s15,165s15,0.0828518804133739
165,s16,165s16,0.0793128553877942
165,s17,165s17,0.0662880275031278
165,s18,165s18,0.0545390140779276
165,s19,165s19,0.0725931824830947
165,s20,165s20,0.0508638044274736
165,s21,165s21,
165,s22,165s22,0.0768472488502144
165,s23,165s23,0.0266101121948209
165,s24,165s24,0.066385834801395
165,s25,165s25,0.1132087412026468
165,s26,165s26,0.0800187128569161
165,s27,165s27,0.0574241515351786
165,s28,165s28,0.0471079924526106
167,s01,167s01,0.1057886004471015
167,s02,167s02,0.0864852477958395
167,s03,167s03,0.0903492261245933
167,s04,167s04,0.0844334883007832
167,s05,167s05,0.0708365779302939
167,s06,167s06,0.0869696641717565
167,s07,167s07,0.0594038075183518
167,s08,167s08,0.0474234155102926
167,s09,167s09,0.0776308055366461
167,s10,167s10,0.052789518400649
167,s11,167s11,0.080931293485912
167,s12,167s12,0.0828498884378838
167,s13,167s13,0.0961328451885521
167,s14,167s14,0.0926490126582309
167,s15,167s15,0.0951790446199017
167,s16,167s16,0.0916400195943222
167,s17,167s17,0.0786151917096558
167,s18,167s18,0.0668661782844556
167,s19,167s19,0.0849203466896226
167,s20,167s20,0.0631909686340015
167,s21,167s21,0.0599878057312795
167,s22,167s22,0.0891744130567424
167,s23,167s23,0.0389372764013489
167,s24,167s24,0.078712999007923
167,s25,167s25,0.1255359054091746
167,s26,167s26,0.092345877063444
167,s27,167s27,0.0697513157417066
167,s28,167s28,0.0594351566591385
169,s01,169s01,0.1019249859097159
169,s02,169s02,0.082621633258454
169,s03,169s03,0.0864856115872077
169,s04,169s04,0.0805698737633977
169,s05,169s05,0.0669729633929082
169,s06,169s06,0.0831060496343709
169,s07,169s07,0.0555401929809662
169,s08,169s08,0.043559800972907
169,s09,169s09,0.0737671909992604
169,s10,169s10,0.0489259038632634
169,s11,169s11,0.0770676789485264
169,s12,169s12,0.0789862739004982
169,s13,169s13,0.0922692306511665
169,s14,169s14,0.0887853981208453
169,s15,169s15,0.0913154300825161
169,s16,169s16,0.0877764050569366
169,s17,169s17,0.0747515771722702
169,s18,169s18,0.06300256374707
169,s19,169s19,0.081056732152237
169,s20,169s20,0.059327354096616
169,s21,169s21,
169,s22,169s22,0.0853107985193568
169,s23,169s23,0.0350736618639633
169,s24,169s24,0.0748493844705374
169,s25,169s25,0.1216722908717891
169,s26,169s26,0.0884822625260585
169,s27,169s27,0.065887701204321
169,s28,169s28,0.055571542121753
173,s01,173s01,0.1271151372919859
173,s02,173s02,0.1078117846407238
173,s03,173s03,0.1116757629694776
173,s04,173s04,0.1057600251456674
173,s05,173s05,0.0921631147751781
173,s06,173s06,0.1082962010166408
173,s07,173s07,0.0807303443632361
173,s08,173s08,0.0687499523551768
173,s09,173s09,0.0989573423815303
173,s10,173s10,0.0741160552455333
173,s11,173s11,0.1022578303307963
173,s12,173s12,0.104176425282768
173,s13,173s13,0.1174593820334364
173,s14,173s14,0.1139755495031151
173,s15,173s15,0.1165055814647861
173,s16,173s16,0.1129665564392064
173,s17,173s17,0.0999417285545401
173,s18,173s18,0.0881927151293399
173,s19,173s19,0.1062468835345069
173,s20,173s20,0.0845175054788858
173,s21,173s21,0.0813143425761637
173,s22,173s22,0.1105009499016267
173,s23,173s23,0.0602638132462331
173,s24,173s24,0.1000395358528073
173,s25,173s25,0.146862442254059
173,s26,173s26,0.1136724139083283
173,s27,173s27,0.0910778525865909
173,s28,173s28,0.0807616935040228
175,s01,175s01,0.1037215083291178
175,s02,175s02,0.0844181556778558
175,s03,175s03,0.0882821340066096
175,s04,175s04,0.0823663961827995
175,s05,175s05,0.0687694858123102
175,s06,175s06,0.0849025720537728
175,s07,175s07,0.0573367154003681
175,s08,175s08,0.0453563233923089
175,s09,175s09,0.0755637134186623
175,s10,175s10,0.0507224262826652
175,s11,175s11,0.0788642013679283
175,s12,175s12,0.0807827963199
175,s13,175s13,0.0940657530705684
175,s14,175s14,0.0905819205402472
175,s15,175s15,0.093111952501918
175,s16,175s16,0.0895729274763384
175,s17,175s17,0.0765480995916721
175,s18,175s18,0.0647990861664718
175,s19,175s19,
175,s20,175s20,0.0611238765160178
175,s21,175s21,0.0579207136132957
175,s22,175s22,0.0871073209387586
175,s23,175s23,0.0368701842833652
175,s24,175s24,0.0766459068899393
175,s25,175s25,0.123468813291191
175,s26,175s26,0.0902787849454603
175,s27,175s27,0.0676842236237228
175,s28,175s28,0.0573680645411548
183,s01,183s01,0.1005539565546763
183,s02,183s02,0.0812506039034144
183,s03,183s03,0.0851145822321682
183,s04,183s04,0.0791988444083581
183,s05,183s05,0.0656019340378686
183,s06,183s06,0.0817350202793313
183,s07,183s07,0.0541691636259266
183,s08,183s08,0.0421887716178674
183,s09,183s09,0.0723961616442209
183,s10,183s10,0.0475548745082238
183,s11,183s11,0.0756966495934869
183,s12,183s12,0.0776152445454587
183,s13,183s13,0.090898201296127
183,s14,183s14,0.0874143687658057
183,s15,183s15,0.0899444007274767
183,s16,183s16,0.086405375701897
183,s17,183s17,0.0733805478172307
183,s18,183s18,0.0616315343920304
183,s19,183s19,
183,s20,183s20,0.0579563247415764
183,s21,183s21,
183,s22,183s22,0.0839397691643173
183,s23,183s23,0.0337026325089237
183,s24,183s24,0.0734783551154978
183,s25,183s25,0.1203012615167496
183,s26,183s26,0.0871112331710189
183,s27,183s27,0.0645166718492814
183,s28,183s28,0.0542005127667134
185,s01,185s01,0.1123783223336541
185,s02,185s02,0.0930749696823921
185,s03,185s03,0.0969389480111458
185,s04,185s04,0.0910232101873357
185,s05,185s05,0.0774262998168464
185,s06,185s06,0.093559386058309
185,s07,185s07,0.0659935294049044
185,s08,185s08,0.0540131373968451
185,s09,185s09,0.0842205274231986
185,s10,185s10,0.0593792402872015
185,s11,185s11,0.0875210153724646
185,s12,185s12,0.0894396103244363
185,s13,185s13,0.1027225670751046
185,s14,185s14,0.0992387345447835
185,s15,185s15,0.1017687665064543
185,s16,185s16,0.0982297414808747
185,s17,185s17,0.0852049135962084
185,s18,185s18,0.0734559001710082
185,s19,185s19,
185,s20,185s20,0.0697806905205541
185,s21,185s21,0.066577527617832
185,s22,185s22,0.095764134943295
185,s23,185s23,0.0455269982879014
185,s24,185s24,0.0853027208944755
185,s25,185s25,0.1321256272957273
185,s26,185s26,0.0989355989499966
185,s27,185s27,0.0763410376282591
185,s28,185s28,0.0660248785456911
187,s01,187s01,0.0962695558468491
187,s02,187s02,0.0769662031955871
187,s03,187s03,0.0808301815243408
187,s04,187s04,0.0749144437005308
187,s05,187s05,0.0613175333300414
187,s06,187s06,0.0774506195715041
187,s07,187s07,0.0498847629180994
187,s08,187s08,0.0379043709100402
187,s09,187s09,0.0681117609363936
187,s10,187s10,0.0432704738003965
187,s11,187s11,0.0714122488856595
187,s12,187s12,0.0733308438376313
187,s13,187s13,0.0866138005882996
187,s14,187s14,0.0831299680579784
187,s15,187s15,0.0856600000196493
187,s16,187s16,0.0821209749940697
187,s17,187s17,0.0690961471094034
187,s18,187s18,0.0573471336842031
187,s19,187s19,
187,s20,187s20,0.0536719240337491
187,s21,187s21,
187,s22,187s22,0.07965536845649
187,s23,187s23,0.0294182318010964
187,s24,187s24,0.0691939544076706
187,s25,187s25,0.1160168608089222
187,s26,187s26,0.0828268324631916
187,s27,187s27,0.0602322711414541
187,s28,187s28,0.0499161120588861
190,s01,190s01,0.1081609846514978
190,s02,190s02,0.0888576320002359
190,s03,190s03,0.0927216103289895
190,s04,190s04,0.0868058725051794
190,s05,190s05,0.0732089621346901
190,s06,190s06,0.0893420483761528
190,s07,190s07,0.061776191722748
190,s08,190s08,0.0497957997146889
190,s09,190s09,0.0800031897410423
190,s10,190s10,0.0551619026050452
190,s11,190s11,0.0833036776903083
190,s12,190s12,0.0852222726422799
190,s13,190s13,0.0985052293929483
190,s14,190s14,0.0950213968626271
190,s15,190s15,0.097551428824298
190,s16,190s16,0.0940124037987184
190,s17,190s17,0.080987575914052
190,s18,190s18,0.0692385624888519
190,s19,190s19,0.0872927308940188
190,s20,190s20,0.0655633528383978
190,s21,190s21,0.0623601899356757
190,s22,190s22,0.0915467972611387
190,s23,190s23,0.0413096606057451
190,s24,190s24,0.0810853832123193
190,s25,190s25,0.127908289613571
190,s26,190s26,0.0947182612678403
190,s27,190s27,0.0721236999461028
190,s28,190s28,0.0618075408635348
201,s01,201s01,0.1086349517911309
201,s02,201s02,0.0893315991398691
201,s03,201s03,0.0931955774686228
201,s04,201s04,0.0872798396448127
201,s05,201s05,0.0736829292743233
201,s06,201s06,0.089816015515786
201,s07,201s07,
201,s08,201s08,0.0502697668543221
201,s09,201s09,0.0804771568806755
201,s10,201s10,0.0556358697446785
201,s11,201s11,0.0837776448299416
201,s12,201s12,0.0856962397819133
201,s13,201s13,0.0989791965325816
201,s14,201s14,0.0954953640022604
201,s15,201s15,0.0980253959639313
201,s16,201s16,0.0944863709383517
201,s17,201s17,0.0814615430536854
201,s18,201s18,0.0697125296284851
201,s19,201s19,0.0877666980336521
201,s20,201s20,0.066037319978031
201,s21,201s21,
201,s22,201s22,0.092020764400772
201,s23,201s23,0.0417836277453783
201,s24,201s24,0.0815593503519525
201,s25,201s25,0.1283822567532042
201,s26,201s26,0.0951922284074736
201,s27,201s27,0.0725976670857361
201,s28,201s28,0.062281508003168
210,s01,210s01,0.1151310459886772
210,s02,210s02,0.0958276933374152
210,s03,210s03,0.099691671666169
210,s04,210s04,0.0937759338423589
210,s05,210s05,0.0801790234718695
210,s06,210s06,0.0963121097133322
210,s07,210s07,0.0687462530599275
210,s08,210s08,0.0567658610518683
210,s09,210s09,0.0869732510782217
210,s10,210s10,0.0621319639422247
210,s11,210s11,0.0902737390274877
210,s12,210s12,0.0921923339794595
210,s13,210s13,0.1054752907301278
210,s14,210s14,0.1019914581998065
210,s15,210s15,0.1045214901614775
210,s16,210s16,0.1009824651358978
210,s17,210s17,0.0879576372512315
210,s18,210s18,0.0762086238260312
210,s19,210s19,0.0942627922311983
210,s20,210s20,0.0725334141755772
210,s21,210s21,
210,s22,210s22,0.0985168585983182
210,s23,210s23,0.0482797219429246
210,s24,210s24,0.0880554445494987
210,s25,210s25,0.1348783509507504
210,s26,210s26,0.1016883226050197
210,s27,210s27,0.0790937612832822
210,s28,210s28,0.0687776022007141
217,s01,217s01,0.1151727720852074
217,s02,217s02,0.0958694194339454
217,s03,217s03,0.0997333977626992
217,s04,217s04,0.0938176599388891
217,s05,217s05,0.0802207495683997
217,s06,217s06,0.0963538358098623
217,s07,217s07,0.0687879791564577
217,s08,217s08,0.0568075871483985
217,s09,217s09,0.087014977174752
217,s10,217s10,0.0621736900387549
217,s11,217s11,0.0903154651240179
217,s12,217s12,0.0922340600759897
217,s13,217s13,0.1055170168266579
217,s14,217s14,0.1020331842963367
217,s15,217s15,0.1045632162580077
217,s16,217s16,0.101024191232428
217,s17,217s17,0.0879993633477617
217,s18,217s18,0.0762503499225615
217,s19,217s19,0.0943045183277285
217,s20,217s20,0.0725751402721075
217,s21,217s21,0.0693719773693853
217,s22,217s22,0.0985585846948483
217,s23,217s23,0.0483214480394547
217,s24,217s24,0.0880971706460288
217,s25,217s25,0.1349200770472806
217,s26,217s26,0.1017300487015499
217,s27,217s27,0.0791354873798124
217,s28,217s28,0.0688193282972444
219,s01,219s01,0.1110097897553116
219,s02,219s02,0.0917064371040496
219,s03,219s03,0.0955704154328034
219,s04,219s04,0.0896546776089933
219,s05,219s05,0.076057767238504
219,s06,219s06,0.0921908534799666
219,s07,219s07,0.0646249968265619
219,s08,219s08,0.0526446048185027
219,s09,219s09,0.0828519948448562
219,s10,219s10,0.0580107077088591
219,s11,219s11,0.0861524827941221
219,s12,219s12,0.0880710777460939
219,s13,219s13,0.1013540344967622
219,s14,219s14,0.097870201966441
219,s15,219s15,0.1004002339281119
219,s16,219s16,0.0968612089025323
219,s17,219s17,0.0838363810178659
219,s18,219s18,0.0720873675926657
219,s19,219s19,0.0901415359978328
219,s20,219s20,0.0684121579422117
219,s21,219s21,
219,s22,219s22,0.0943956023649525
219,s23,219s23,0.044158465709559
219,s24,219s24,0.0839341883161331
219,s25,219s25,0.1307570947173849
219,s26,219s26,0.0975670663716542
219,s27,219s27,0.0749725050499166
219,s28,219s28,0.0646563459673486
223,s01,223s01,0.1250630594014788
223,s02,223s02,0.1057597067502169
223,s03,223s03,0.1096236850789708
223,s04,223s04,0.1037079472551606
223,s05,223s05,0.0901110368846713
223,s06,223s06,0.1062441231261339
223,s07,223s07,0.0786782664727292
223,s08,223s08,0.06669787446467
223,s09,223s09,0.0969052644910234
223,s10,223s10,0.0720639773550263
223,s11,223s11,0.1002057524402894
223,s12,223s12,0.1021243473922612
223,s13,223s13,0.1154073041429295
223,s14,223s14,0.1119234716126083
223,s15,223s15,0.1144535035742793
223,s16,223s16,0.1109144785486995
223,s17,223s17,0.0978896506640332
223,s18,223s18,0.086140637238833
223,s19,223s19,0.104194805644
223,s20,223s20,0.0824654275883789
223,s21,223s21,0.0792622646856568
223,s22,223s22,0.1084488720111198
223,s23,223s23,0.0582117353557262
223,s24,223s24,0.0979874579623004
223,s25,223s25,0.1448103643635522
223,s26,223s26,0.1116203360178215
223,s27,223s27,0.0890257746960839
223,s28,223s28,0.078709615613516
230,s01,230s01,0.13137086236282
230,s02,230s02,0.1120675097115581
230,s03,230s03,0.1159314880403119
230,s04,230s04,0.1100157502165017
230,s05,230s05,0.0964188398460124
230,s06,230s06,0.1125519260874751
230,s07,230s07,0.0849860694340704
230,s08,230s08,0.0730056774260111
230,s09,230s09,0.1032130674523646
230,s10,230s10,0.0783717803163676
230,s11,230s11,0.1065135554016305
230,s12,230s12,0.1084321503536023
230,s13,230s13,0.1217151071042706
230,s14,230s14,0.1182312745739494
230,s15,230s15,0.1207613065356203
230,s16,230s16,0.1172222815100407
230,s17,230s17,0.1041974536253744
230,s18,230s18,0.0924484402001741
230,s19,230s19,0.1105026086053412
230,s20,230s20,0.0887732305497202
230,s21,230s21,0.085570067646998
230,s22,230s22,0.114756674972461
230,s23,230s23,0.0645195383170674
230,s24,230s24,0.1042952609236415
230,s25,230s25,0.1511181673248933
230,s26,230s26,0.1179281389791626
230,s27,230s27,0.0953335776574251
230,s28,230s28,0.0850174185748572
240,s01,240s01,0.1036250469037008
240,s02,240s02,0.0843216942524389
240,s03,240s03,0.0881856725811926
240,s04,240s04,0.0822699347573825
240,s05,240s05,0.0686730243868932
240,s06,240s06,0.084806110628356
240,s07,240s07,0.0572402539749512
240,s08,240s08,0.045259861966892
240,s09,240s09,0.0754672519932455
240,s10,240s10,0.0506259648572483
240,s11,240s11,0.0787677399425113
240,s12,240s12,0.0806863348944831
240,s13,240s13,0.0939692916451515
240,s14,240s14,0.0904854591148303
240,s15,240s15,0.0930154910765011
240,s16,240s16,0.0894764660509215
240,s17,240s17,0.0764516381662552
240,s18,240s18,0.0647026247410549
240,s19,240s19,0.082756793146222
240,s20,240s20,0.0610274150906009
240,s21,240s21,
240,s22,240s22,0.0870108595133418
240,s23,240s23,0.0367737228579482
240,s24,240s24,0.0765494454645223
240,s25,240s25,0.1233723518657742
240,s26,240s26,0.0901823235200434
240,s27,240s27,0.0675877621983059
240,s28,240s28,0.0572716031157379
250,s01,250s01,0.0971398931552193
250,s02,250s02,0.0778365405039574
250,s03,250s03,0.0817005188327111
250,s04,250s04,0.075784781008901
250,s05,250s05,0.0621878706384117
250,s06,250s06,0.0783209568798743
250,s07,250s07,0.0507551002264696
250,s08,250s08,0.0387747082184104
250,s09,250s09,0.0689820982447639
250,s10,250s10,0.0441408111087668
250,s11,250s11,0.0722825861940299
250,s12,250s12,0.0742011811460016
250,s13,250s13,0.0874841378966699
250,s14,250s14,0.0840003053663487
250,s15,250s15,0.0865303373280196
250,s16,250s16,0.08299131230244
250,s17,250s17,0.0699664844177736
250,s18,250s18,0.0582174709925734
250,s19,250s19,0.0762716393977404
250,s20,250s20,0.0545422613421194
250,s21,250s21,
250,s22,250s22,0.0805257057648602
250,s23,250s23,0.0302885691094667
250,s24,250s24,0.0700642917160408
250,s25,250s25,0.1168871981172926
250,s26,250s26,0.0836971697715618
250,s27,250s27,0.0611026084498244
250,s28,250s28,0.0507864493672564
253,s01,253s01,0.1069020947730629
253,s02,253s02,0.087598742121801
253,s03,253s03,0.0914627204505547
253,s04,253s04,0.0855469826267446
253,s05,253s05,0.0719500722562553
253,s06,253s06,0.088083158497718
253,s07,253s07,0.0605173018443132
253,s08,253s08,0.048536909836254
253,s09,253s09,0.0787442998626074
253,s10,253s10,0.0539030127266104
253,s11,253s11,0.0820447878118734
253,s12,253s12,0.0839633827638452
253,s13,253s13,0.0972463395145135
253,s14,253s14,0.0937625069841923
253,s15,253s15,0.0962925389458632
253,s16,253s16,0.0927535139202835
253,s17,253s17,0.0797286860356173
253,s18,253s18,0.067979672610417
253,s19,253s19,0.086033841015584
253,s20,253s20,0.064304462959963
253,s21,253s21,0.0611013000572409
253,s22,253s22,0.0902879073827038
253,s23,253s23,0.0400507707273103
253,s24,253s24,0.0798264933338844
253,s25,253s25,0.1266493997351361
253,s26,253s26,0.0934593713894055
253,s27,253s27,0.070864810067668
253,s28,253s28,0.0605486509851
259,s01,259s01,0.1046587822981904
259,s02,259s02,0.0853554296469285
259,s03,259s03,0.0892194079756823
259,s04,259s04,0.0833036701518721
259,s05,259s05,0.0697067597813828
259,s06,259s06,0.0858398460228455
259,s07,259s07,0.0582739893694408
259,s08,259s08,0.0462935973613816
259,s09,259s09,0.076500987387735
259,s10,259s10,0.0516597002517379
259,s11,259s11,0.079801475337001
259,s12,259s12,0.0817200702889728
259,s13,259s13,0.0950030270396411
259,s14,259s14,0.0915191945093198
259,s15,259s15,0.0940492264709908
259,s16,259s16,0.0905102014454111
259,s17,259s17,0.0774853735607448
259,s18,259s18,0.0657363601355446
259,s19,259s19,0.0837905285407116
259,s20,259s20,0.0620611504850905
259,s21,259s21,0.0588579875823684
259,s22,259s22,0.0880445949078314
259,s23,259s23,0.0378074582524378
259,s24,259s24,0.077583180859012
259,s25,259s25,0.1244060872602637
259,s26,259s26,0.091216058914533
259,s27,259s27,0.0686214975927956
259,s28,259s28,0.0583053385102275
260,s01,260s01,0.0906149230901066
260,s02,260s02,0.0713115704388447
260,s03,260s03,0.0751755487675984
260,s04,260s04,0.0692598109437884
260,s05,260s05,0.055662900573299
260,s06,260s06,0.0717959868147617
260,s07,260s07,0.0442301301613569
260,s08,260s08,0.0322497381532978
260,s09,260s09,0.0624571281796512
260,s10,260s10,0.0376158410436541
260,s11,260s11,0.0657576161289172
260,s12,260s12,0.0676762110808889
260,s13,260s13,0.0809591678315573
260,s14,260s14,0.0774753353012361
260,s15,260s15,0.0800053672629069
260,s16,260s16,0.0764663422373273
260,s17,260s17,0.063441514352661
260,s18,260s18,0.0516925009274607
260,s19,260s19,0.0697466693326278
260,s20,260s20,0.0480172912770067
260,s21,260s21,
260,s22,260s22,0.0740007356997475
260,s23,260s23,0.023763599044354
260,s24,260s24,0.0635393216509281
260,s25,260s25,0.1103622280521799
260,s26,260s26,0.0771721997064492
260,s27,260s27,0.0545776383847117
260,s28,260s28,0.0442614793021437
265,s01,265s01,0.1157077301582785
265,s02,265s02,0.0964043775070165
265,s03,265s03,0.1002683558357703
265,s04,265s04,0.0943526180119602
265,s05,265s05,0.0807557076414708
265,s06,265s06,0.0968887938829335
265,s07,265s07,0.0693229372295288
265,s08,265s08,0.0573425452214696
265,s09,265s09,0.087549935247823
265,s10,265s10,0.062708648111826
265,s11,265s11,0.090850423197089
265,s12,265s12,0.0927690181490608
265,s13,265s13,0.106051974899729
265,s14,265s14,0.1025681423694078
265,s15,265s15,0.1050981743310788
265,s16,265s16,0.1015591493054991
265,s17,265s17,0.0885343214208328
265,s18,265s18,0.0767853079956326
265,s19,265s19,0.0948394764007996
265,s20,265s20,0.0731100983451785
265,s21,265s21,0.0699069354424564
265,s22,265s22,0.0990935427679194
265,s23,265s23,0.0488564061125258
265,s24,265s24,0.0886321287190999
265,s25,265s25,0.1354550351203517
265,s26,265s26,0.102265006774621
265,s27,265s27,0.0796704454528835
265,s28,265s28,0.0693542863703155
269,s01,269s01,0.1060314297033934
269,s02,269s02,0.0867280770521314
269,s03,269s03,0.0905920553808852
269,s04,269s04,0.0846763175570751
269,s05,269s05,0.0710794071865857
269,s06,269s06,0.0872124934280484
269,s07,269s07,0.0596466367746437
269,s08,269s08,0.0476662447665845
269,s09,269s09,0.077873634792938
269,s10,269s10,0.0530323476569409
269,s11,269s11,0.081174122742204
269,s12,269s12,0.0830927176941757
269,s13,269s13,0.096375674444844
269,s14,269s14,0.0928918419145228
269,s15,269s15,0.0954218738761937
269,s16,269s16,0.0918828488506141
269,s17,269s17,0.0788580209659477
269,s18,269s18,0.0671090075407475
269,s19,269s19,0.0851631759459145
269,s20,269s20,0.0634337978902934
269,s21,269s21,0.0602306349875714
269,s22,269s22,0.0894172423130343
269,s23,269s23,0.0391801056576408
269,s24,269s24,0.078955828264215
269,s25,269s25,0.1257787346654666
269,s26,269s26,0.092588706319736
269,s27,269s27,0.0699941449979985
269,s28,269s28,0.0596779859154305
270,s01,270s01,0.0962342806715986
270,s02,270s02,0.0769309280203366
270,s03,270s03,0.0807949063490905
270,s04,270s04,0.0748791685252803
270,s05,270s05,0.061282258154791
270,s06,270s06,0.0774153443962537
270,s07,270s07,0.0498494877428489
270,s08,270s08,0.0378690957347897
270,s09,270s09,0.0680764857611432
270,s10,270s10,0.0432351986251461
270,s11,270s11,0.0713769737104092
270,s12,270s12,0.0732955686623809
270,s13,270s13,0.0865785254130492
270,s14,270s14,0.083094692882728
270,s15,270s15,0.085624724844399
270,s16,270s16,0.0820856998188193
270,s17,270s17,0.0690608719341529
270,s18,270s18,0.0573118585089527
270,s19,270s19,0.0753660269141198
270,s20,270s20,0.0536366488584987
270,s21,270s21,
270,s22,270s22,0.0796200932812395
270,s23,270s23,0.029382956625846
270,s24,270s24,0.0691586792324201
270,s25,270s25,0.1159815856336719
270,s26,270s26,0.0827915572879412
270,s27,270s27,0.0601969959662037
270,s28,270s28,0.0498808368836357
306,s01,306s01,0.0788013375816295
306,s02,306s02,0.0594979849303675
306,s03,306s03,0.0633619632591213
306,s04,306s04,0.0574462254353112
306,s05,306s05,0.0438493150648219
306,s06,306s06,0.0599824013062846
306,s07,306s07,0.0324165446528798
306,s08,306s08,0.0204361526448206
306,s09,306s09,0.0506435426711741
306,s10,306s10,0.025802255535177
306,s11,306s11,0.05394403062044
306,s12,306s12,0.0558626255724118
306,s13,306s13,0.0691455823230801
306,s14,306s14,0.0656617497927589
306,s15,306s15,0.0681917817544298
306,s16,306s16,0.0646527567288502
306,s17,306s17,0.0516279288441838
306,s18,306s18,0.0398789154189836
306,s19,306s19,0.0579330838241506
306,s20,306s20,0.0362037057685296
306,s21,306s21,
306,s22,306s22,0.0621871501912704
306,s23,306s23,0.0119500135358769
306,s24,306s24,0.051725736142451
306,s25,306s25,0.0985486425437028
306,s26,306s26,0.065358614197972
306,s27,306s27,0.0427640528762346
306,s28,306s28,0.0324478937936665
316,s01,316s01,0.0923101831982369
316,s02,316s02,0.0730068305469749
316,s03,316s03,0.0768708088757286
316,s04,316s04,0.0709550710519185
316,s05,316s05,0.0573581606814292
316,s06,316s06,0.0734912469228919
316,s07,316s07,0.0459253902694872
316,s08,316s08,0.033944998261428
316,s09,316s09,0.0641523882877814
316,s10,316s10,0.0393111011517844
316,s11,316s11,0.0674528762370473
316,s12,316s12,0.0693714711890191
316,s13,316s13,0.0826544279396874
316,s14,316s14,0.0791705954093662
316,s15,316s15,0.0817006273710371
316,s16,316s16,0.0781616023454575
316,s17,316s17,0.0651367744607911
316,s18,316s18,0.0533877610355909
316,s19,316s19,0.071441929440758
316,s20,316s20,0.0497125513851369
316,s21,316s21,0.0465093884824148
316,s22,316s22,0.0756959958078778
316,s23,316s23,0.0254588591524842
316,s24,316s24,0.0652345817590584
316,s25,316s25,0.1120574881603101
316,s26,316s26,0.0788674598145794
316,s27,316s27,0.0562728984928419
316,s28,316s28,0.0459567394102739
320,s01,320s01,0.0858951790330914
320,s02,320s02,0.0665918263818294
320,s03,320s03,0.0704558047105832
320,s04,320s04,0.0645400668867731
320,s05,320s05,0.0509431565162838
320,s06,320s06,0.0670762427577464
320,s07,320s07,0.0395103861043417
320,s08,320s08,0.0275299940962825
320,s09,320s09,0.057737384122636
320,s10,320s10,0.0328960969866388
320,s11,320s11,0.0610378720719019
320,s12,320s12,0.0629564670238737
320,s13,320s13,0.076239423774542
320,s14,320s14,0.0727555912442208
320,s15,320s15,0.0752856232058917
320,s16,320s16,0.071746598180312
320,s17,320s17,0.0587217702956457
320,s18,320s18,0.0469727568704454
320,s19,320s19,0.0650269252756125
320,s20,320s20,0.0432975472199914
320,s21,320s21,
320,s22,320s22,0.0692809916427323
320,s23,320s23,0.0190438549873387
320,s24,320s24,0.0588195775939129
320,s25,320s25,0.1056424839951647
320,s26,320s26,0.0724524556494339
320,s27,320s27,0.0498578943276964
320,s28,320s28,0.0395417352451284
326,s01,326s01,0.083107138536974
326,s02,326s02,0.0638037858857121
326,s03,326s03,0.0676677642144658
326,s04,326s04,0.0617520263906557
326,s05,326s05,0.0481551160201664
326,s06,326s06,0.0642882022616291
326,s07,326s07,0.0367223456082244
326,s08,326s08,0.0247419536001652
326,s09,326s09,0.0549493436265186
326,s10,326s10,0.0301080564905215
326,s11,326s11,0.0582498315757846
326,s12,326s12,0.0601684265277563
326,s13,326s13,0.0734513832784247
326,s14,326s14,0.0699675507481034
326,s15,326s15,0.0724975827097743
326,s16,326s16,0.0689585576841946
326,s17,326s17,0.0559337297995284
326,s18,326s18,0.0441847163743281
326,s19,326s19,0.0622388847794951
326,s20,326s20,0.0405095067238741
326,s21,326s21,0.037306343821152
326,s22,326s22,0.066492951146615
326,s23,326s23,0.0162558144912214
326,s24,326s24,0.0560315370977955
326,s25,326s25,0.1028544434990473
326,s26,326s26,0.0696644151533167
326,s27,326s27,0.0470698538315791
326,s28,326s28,0.0367536947490111
329,s01,329s01,0.0982250185480051
329,s02,329s02,0.0789216658967432
329,s03,329s03,0.0827856442254969
329,s04,329s04,0.0768699064016869
329,s05,329s05,0.0632729960311974
329,s06,329s06,0.0794060822726601
329,s07,329s07,0.0518402256192554
329,s08,329s08,0.0398598336111963
329,s09,329s09,0.0700672236375496
329,s10,329s10,0.0452259365015526
329,s11,329s11,0.0733677115868157
329,s12,329s12,0.0752863065387875
329,s13,329s13,0.0885692632894557
329,s14,329s14,0.0850854307591344
329,s15,329s15,0.0876154627208054
329,s16,329s16,0.0840764376952258
329,s17,329s17,0.0710516098105595
329,s18,329s18,0.0593025963853592
329,s19,329s19,0.0773567647905262
329,s20,329s20,0.0556273867349052
329,s21,329s21,
329,s22,329s22,0.081610831157646
329,s23,329s23,0.0313736945022525
329,s24,329s24,0.0711494171088266
329,s25,329s25,0.1179723235100784
329,s26,329s26,0.0847822951643477
329,s27,329s27,0.0621877338426102
329,s28,329s28,0.0518715747600422
330,s01,330s01,0.0930017170519359
330,s02,330s02,0.0736983644006739
330,s03,330s03,0.0775623427294277
330,s04,330s04,0.0716466049056176
330,s05,330s05,0.0580496945351283
330,s06,330s06,0.0741827807765909
330,s07,330s07,0.0466169241231862
330,s08,330s08,0.034636532115127
330,s09,330s09,0.0648439221414805
330,s10,330s10,0.0400026350054834
330,s11,330s11,0.0681444100907464
330,s12,330s12,0.0700630050427182
330,s13,330s13,0.0833459617933865
330,s14,330s14,0.0798621292630653
330,s15,330s15,0.0823921612247362
330,s16,330s16,0.0788531361991565
330,s17,330s17,0.0658283083144903
330,s18,330s18,0.05407929488929
330,s19,330s19,0.072133463294457
330,s20,330s20,0.050404085238836
330,s21,330s21,0.0472009223361139
330,s22,330s22,0.0763875296615768
330,s23,330s23,0.0261503930061833
330,s24,330s24,0.0659261156127574
330,s25,330s25,0.1127490220140092
330,s26,330s26,0.0795589936682785
330,s27,330s27,0.056964432346541
330,s28,330s28,0.046648273263973
336,s01,336s01,0.0859498212807484
336,s02,336s02,0.0666464686294863
336,s03,336s03,0.0705104469582402
336,s04,336s04,0.06459470913443
336,s05,336s05,0.0509977987639407
336,s06,336s06,0.0671308850054035
336,s07,336s07,0.0395650283519986
336,s08,336s08,0.0275846363439395
336,s09,336s09,0.0577920263702929
336,s10,336s10,0.0329507392342958
336,s11,336s11,0.0610925143195589
336,s12,336s12,0.0630111092715306
336,s13,336s13,0.0762940660221989
336,s14,336s14,0.0728102334918778
336,s15,336s15,0.0753402654535487
336,s16,336s16,0.071801240427969
336,s17,336s17,0.0587764125433027
336,s18,336s18,0.0470273991181024
336,s19,336s19,0.0650815675232695
336,s20,336s20,0.0433521894676484
336,s21,336s21,
336,s22,336s22,0.0693356338903893
336,s23,336s23,0.0190984972349957
336,s24,336s24,0.0588742198415698
336,s25,336s25,0.1056971262428216
336,s26,336s26,0.0725070978970909
336,s27,336s27,0.0499125365753534
336,s28,336s28,0.0395963774927854
340,s01,340s01,0.0867091244021275
340,s02,340s02,0.0674057717508655
340,s03,340s03,0.0712697500796193
340,s04,340s04,0.0653540122558092
340,s05,340s05,0.0517571018853198
340,s06,340s06,0.0678901881267825
340,s07,340s07,0.0403243314733778
340,s08,340s08,0.0283439394653187
340,s09,340s09,0.0585513294916721
340,s10,340s10,0.033710042355675
340,s11,340s11,0.061851817440938
340,s12,340s12,0.0637704123929098
340,s13,340s13,0.0770533691435781
340,s14,340s14,0.0735695366132569
340,s15,340s15,0.0760995685749278
340,s16,340s16,0.0725605435493482
340,s17,340s17,0.0595357156646818
340,s18,340s18,0.0477867022394816
340,s19,340s19,0.0658408706446486
340,s20,340s20,0.0441114925890276
340,s21,340s21,
340,s22,340s22,0.0700949370117684
340,s23,340s23,0.0198578003563749
340,s24,340s24,0.059633522962949
340,s25,340s25,0.1064564293642008
340,s26,340s26,0.07326640101847
340,s27,340s27,0.0506718396967326
340,s28,340s28,0.0403556806141646
350,s01,350s01,0.0959177971855688
350,s02,350s02,0.0766144445343068
350,s03,350s03,0.0804784228630606
350,s04,350s04,0.0745626850392505
350,s05,350s05,0.0609657746687611
350,s06,350s06,0.0770988609102239
350,s07,350s07,0.0495330042568191
350,s08,350s08,0.0375526122487599
350,s09,350s09,0.0677600022751134
350,s10,350s10,0.0429187151391163
350,s11,350s11,0.0710604902243793
350,s12,350s12,0.072979085176351
350,s13,350s13,0.0862620419270194
350,s14,350s14,0.0827782093966982
350,s15,350s15,0.0853082413583691
350,s16,350s16,0.0817692163327894
350,s17,350s17,0.0687443884481231
350,s18,350s18,0.0569953750229229
350,s19,350s19,0.0750495434280899
350,s20,350s20,0.0533201653724689
350,s21,350s21,
350,s22,350s22,0.0793036097952097
350,s23,350s23,0.0290664731398161
350,s24,350s24,0.0688421957463903
350,s25,350s25,0.115665102147642
350,s26,350s26,0.0824750738019114
350,s27,350s27,0.0598805124801738
350,s28,350s28,0.0495643533976059
360,s01,360s01,0.0852893886244272
360,s02,360s02,0.0659860359731652
360,s03,360s03,0.0698500143019189
360,s04,360s04,0.0639342764781089
360,s05,360s05,0.0503373661076195
360,s06,360s06,0.0664704523490822
360,s07,360s07,
360,s08,360s08,0.0269242036876183
360,s09,360s09,0.0571315937139718
360,s10,360s10,0.0322903065779746
360,s11,360s11,0.0604320816632377
360,s12,360s12,0.0623506766152094
360,s13,360s13,0.0756336333658777
360,s14,360s14,0.0721498008355565
360,s15,360s15,0.0746798327972274
360,s16,360s16,0.0711408077716478
360,s17,360s17,0.0581159798869815
360,s18,360s18,0.0463669664617812
360,s19,360s19,0.0644211348669482
360,s20,360s20,0.0426917568113272
360,s21,360s21,
360,s22,360s22,0.0686752012340681
360,s23,360s23,0.0184380645786745
360,s24,360s24,0.0582137871852486
360,s25,360s25,0.1050366935865004
360,s26,360s26,0.0718466652407697
360,s27,360s27,0.0492521039190322
360,s28,360s28,0.0389359448364642
370,s01,370s01,0.091612738007326
370,s02,370s02,0.0723093853560641
370,s03,370s03,0.0761733636848178
370,s04,370s04,0.0702576258610077
370,s05,370s05,0.0566607154905184
370,s06,370s06,0.0727938017319811
370,s07,370s07,0.0452279450785763
370,s08,370s08,0.0332475530705172
370,s09,370s09,0.0634549430968706
370,s10,370s10,0.0386136559608735
370,s11,370s11,0.0667554310461366
370,s12,370s12,0.0686740259981083
370,s13,370s13,0.0819569827487766
370,s14,370s14,0.0784731502184554
370,s15,370s15,0.0810031821801264
370,s16,370s16,0.0774641571545467
370,s17,370s17,0.0644393292698803
370,s18,370s18,0.0526903158446801
370,s19,370s19,0.0707444842498472
370,s20,370s20,0.0490151061942261
370,s21,370s21,0.045811943291504
370,s22,370s22,0.074998550616967
370,s23,370s23,0.0247614139615734
370,s24,370s24,0.0645371365681475
370,s25,370s25,0.1113600429693992
370,s26,370s26,0.0781700146236686
370,s27,370s27,0.0555754533019311
370,s28,370s28,0.0452592942193631
376,s01,376s01,0.0918180837541044
376,s02,376s02,0.0725147311028424
376,s03,376s03,0.0763787094315962
376,s04,376s04,0.0704629716077861
376,s05,376s05,0.0568660612372967
376,s06,376s06,0.0729991474787594
376,s07,376s07,0.0454332908253547
376,s08,376s08,0.0334528988172955
376,s09,376s09,0.0636602888436489
376,s10,376s10,0.0388190017076518
376,s11,376s11,0.0669607767929149
376,s12,376s12,0.0688793717448867
376,s13,376s13,0.082162328495555
376,s14,376s14,0.0786784959652337
376,s15,376s15,0.0812085279269046
376,s16,376s16,0.077669502901325
376,s17,376s17,0.0646446750166587
376,s18,376s18,0.0528956615914584
376,s19,376s19,0.0709498299966255
376,s20,376s20,0.0492204519410045
376,s21,376s21,
376,s22,376s22,0.0752038963637453
376,s23,376s23,0.0249667597083517
376,s24,376s24,0.0647424823149259
376,s25,376s25,0.1115653887161776
376,s26,376s26,0.0783753603704469
376,s27,376s27,0.0557807990487094
376,s28,376s28,0.0454646399661414
390,s01,390s01,0.0882668469189083
390,s02,390s02,0.0689634942676463
390,s03,390s03,0.0728274725964
390,s04,390s04,0.06691173477259
390,s05,390s05,0.0533148244021006
390,s06,390s06,0.0694479106435633
390,s07,390s07,
390,s08,390s08,0.0299016619820994
390,s09,390s09,0.0601090520084529
390,s10,390s10,0.0352677648724558
390,s11,390s11,0.0634095399577188
390,s12,390s12,0.0653281349096905
390,s13,390s13,0.0786110916603589
390,s14,390s14,0.0751272591300376
390,s15,390s15,0.0776572910917085
390,s16,390s16,0.074118266066129
390,s17,390s17,0.0610934381814626
390,s18,390s18,0.0493444247562624
390,s19,390s19,0.0673985931614294
390,s20,390s20,0.0456692151058083
390,s21,390s21,
390,s22,390s22,0.0716526595285492
390,s23,390s23,0.0214155228731557
390,s24,390s24,0.0611912454797298
390,s25,390s25,0.1080141518809815
390,s26,390s26,0.0748241235352508
390,s27,390s27,0.0522295622135133
390,s28,390s28,0.0419134031309453
400,s01,400s01,0.0835815540387857
400,s02,400s02,0.0642782013875237
400,s03,400s03,0.0681421797162775
400,s04,400s04,0.0622264418924674
400,s05,400s05,0.048629531521978
400,s06,400s06,0.0647626177634407
400,s07,400s07,
400,s08,400s08,0.0252163691019768
400,s09,400s09,0.0554237591283302
400,s10,400s10,0.0305824719923331
400,s11,400s11,0.0587242470775962
400,s12,400s12,0.060642842029568
400,s13,400s13,0.0739257987802362
400,s14,400s14,0.070441966249915
400,s15,400s15,0.0729719982115859
400,s16,400s16,0.0694329731860063
400,s17,400s17,0.05640814530134
400,s18,400s18,0.0446591318761397
400,s19,400s19,0.0627133002813068
400,s20,400s20,0.0409839222256857
400,s21,400s21,
400,s22,400s22,0.0669673666484266
400,s23,400s23,0.016730229993033
400,s24,400s24,0.0565059525996072
400,s25,400s25,0.1033288590008588
400,s26,400s26,0.0701388306551282
400,s27,400s27,0.0475442693333907
400,s28,400s28,0.0372281102508227
410,s01,410s01,0.0960070272135827
410,s02,410s02,0.0767036745623207
410,s03,410s03,0.0805676528910744
410,s04,410s04,0.0746519150672643
410,s05,410s05,0.061055004696775
410,s06,410s06,0.0771880909382377
410,s07,410s07,
410,s08,410s08,0.0376418422767738
410,s09,410s09,0.0678492323031273
410,s10,410s10,0.0430079451671302
410,s11,410s11,0.0711497202523932
410,s12,410s12,0.0730683152043649
410,s13,410s13,0.0863512719550333
410,s14,410s14,0.0828674394247121
410,s15,410s15,0.0853974713863829
410,s16,410s16,0.0818584463608034
410,s17,410s17,0.068833618476137
410,s18,410s18,0.0570846050509368
410,s19,410s19,0.0751387734561037
410,s20,410s20,0.0534093954004827
410,s21,410s21,
410,s22,410s22,0.0793928398232236
410,s23,410s23,0.02915570316783
410,s24,410s24,0.0689314257744042
410,s25,410s25,0.1157543321756559
410,s26,410s26,0.0825643038299252
410,s27,410s27,0.0599697425081877
410,s28,410s28,0.0496535834256197
420,s01,420s01,0.0859827156911306
420,s02,420s02,0.0666793630398687
420,s03,420s03,0.0705433413686225
420,s04,420s04,0.0646276035448124
420,s05,420s05,0.051030693174323
420,s06,420s06,0.0671637794157857
420,s07,420s07,
420,s08,420s08,0.0276175307543218
420,s09,420s09,0.0578249207806752
420,s10,420s10,0.0329836336446781
420,s11,420s11,0.0611254087299412
420,s12,420s12,0.0630440036819129
420,s13,420s13,0.0763269604325812
420,s14,420s14,0.07284312790226
420,s15,420s15,0.0753731598639309
420,s16,420s16,0.0718341348383512
420,s17,420s17,0.058809306953685
420,s18,420s18,0.0470602935284847
420,s19,420s19,0.0651144619336518
420,s20,420s20,0.0433850838780307
420,s21,420s21,
420,s22,420s22,0.0693685283007716
420,s23,420s23,0.019131391645378
420,s24,420s24,0.0589071142519522
420,s25,420s25,0.1057300206532039
420,s26,420s26,0.0725399923074733
420,s27,420s27,0.0499454309857357
420,s28,420s28,0.0396292719031677
430,s01,430s01,0.0865827459786578
430,s02,430s02,0.0672793933273958
430,s03,430s03,0.0711433716561496
430,s04,430s04,0.0652276338323395
430,s05,430s05,0.0516307234618502
430,s06,430s06,0.0677638097033129
430,s07,430s07,
430,s08,430s08,0.0282175610418489
430,s09,430s09,0.0584249510682024
430,s10,430s10,0.0335836639322053
430,s11,430s11,0.0617254390174683
430,s12,430s12,0.0636440339694401
430,s13,430s13,0.0769269907201084
430,s14,430s14,0.0734431581897871
430,s15,430s15,0.0759731901514581
430,s16,430s16,0.0724341651258784
430,s17,430s17,0.0594093372412121
430,s18,430s18,0.0476603238160119
430,s19,430s19,0.0657144922211789
430,s20,430s20,0.0439851141655579
430,s21,430s21,
430,s22,430s22,0.0699685585882987
430,s23,430s23,0.0197314219329051
430,s24,430s24,0.0595071445394793
430,s25,430s25,0.106330050940731
430,s26,430s26,0.0731400225950004
430,s27,430s27,0.0505454612732628
430,s28,430s28,0.0402293021906948
440,s01,440s01,0.0848812765171525
440,s02,440s02,0.0655779238658905
440,s03,440s03,0.0694419021946443
440,s04,440s04,0.0635261643708342
440,s05,440s05,0.0499292540003449
440,s06,440s06,0.0660623402418076
440,s07,440s07,
440,s08,440s08,0.0265160915803437
440,s09,440s09,0.0567234816066971
440,s10,440s10,0.0318821944707
440,s11,440s11,0.060023969555963
440,s12,440s12,0.0619425645079348
440,s13,440s13,0.0752255212586031
440,s14,440s14,0.0717416887282819
440,s15,440s15,0.0742717206899528
440,s16,440s16,0.0707326956643732
440,s17,440s17,0.0577078677797069
440,s18,440s18,0.0459588543545066
440,s19,440s19,0.0640130227596736
440,s20,440s20,0.0422836447040526
440,s21,440s21,
440,s22,440s22,0.0682670891267934
440,s23,440s23,0.0180299524713998
440,s24,440s24,0.057805675077974
440,s25,440s25,0.1046285814792257
440,s26,440s26,0.0714385531334951
440,s27,440s27,0.0488439918117576
440,s28,440s28,0.0385278327291895
450,s01,450s01,0.0892234904349628
450,s02,450s02,0.0699201377837008
450,s03,450s03,0.0737841161124547
450,s04,450s04,0.0678683782886445
450,s05,450s05,0.0542714679181552
450,s06,450s06,0.0704045541596179
450,s07,450s07,
450,s08,450s08,0.0308583054981539
450,s09,450s09,0.0610656955245074
450,s10,450s10,0.0362244083885103
450,s11,450s11,0.0643661834737733
450,s12,450s12,0.0662847784257451
450,s13,450s13,0.0795677351764134
450,s14,450s14,0.0760839026460922
450,s15,450s15,0.0786139346077632
450,s16,450s16,0.0750749095821834
450,s17,450s17,0.0620500816975171
450,s18,450s18,0.0503010682723169
450,s19,450s19,0.0683552366774839
450,s20,450s20,0.0466258586218629
450,s21,450s21,
450,s22,450s22,0.0726093030446037
450,s23,450s23,0.0223721663892102
450,s24,450s24,0.0621478889957843
450,s25,450s25,0.1089707953970361
450,s26,450s26,0.0757807670513054
450,s27,450s27,0.0531862057295679
450,s28,450s28,0.0428700466469999
461,s01,461s01,0.1101925334650154
461,s02,461s02,0.0908891808137534
461,s03,461s03,0.0947531591425072
461,s04,461s04,0.0888374213186971
461,s05,461s05,0.0752405109482078
461,s06,461s06,0.0913735971896705
461,s07,461s07,0.0638077405362657
461,s08,461s08,0.0518273485282065
461,s09,461s09,0.08203473855456
461,s10,461s10,0.0571934514185629
461,s11,461s11,0.0853352265038259
461,s12,461s12,0.0872538214557977
461,s13,461s13,0.100536778206466
461,s14,461s14,0.0970529456761448
461,s15,461s15,0.0995829776378157
461,s16,461s16,0.0960439526122361
461,s17,461s17,0.0830191247275698
461,s18,461s18,0.0712701113023694
461,s19,461s19,0.0893242797075365
461,s20,461s20,0.0675949016519155
461,s21,461s21,0.0643917387491934
461,s22,461s22,0.0935783460746563
461,s23,461s23,0.0433412094192628
461,s24,461s24,0.0831169320258369
461,s25,461s25,0.1299398384270887
461,s26,461s26,0.096749810081358
461,s27,461s27,0.0741552487596204
461,s28,461s28,0.0638390896770525
479,s01,479s01,0.0985231209237335
479,s02,479s02,0.0792197682724715
479,s03,479s03,0.0830837466012252
479,s04,479s04,0.0771680087774152
479,s05,479s05,0.0635710984069258
479,s06,479s06,0.0797041846483885
479,s07,479s07,
479,s08,479s08,0.0401579359869246
479,s09,479s09,0.070365326013278
479,s10,479s10,0.0455240388772809
479,s11,479s11,0.0736658139625439
479,s12,479s12,0.0755844089145157
479,s13,479s13,0.0888673656651841
479,s14,479s14,0.0853835331348628
479,s15,479s15,0.0879135650965337
479,s16,479s16,0.0843745400709541
479,s17,479s17,0.0713497121862878
479,s18,479s18,0.0596006987610875
479,s19,479s19,0.0776548671662546
479,s20,479s20,0.0559254891106335
479,s21,479s21,0.0527223262079114
479,s22,479s22,0.0819089335333744
479,s23,479s23,0.0316717968779809
479,s24,479s24,0.071447519484555
479,s25,479s25,0.1182704258858067
479,s26,479s26,0.085080397540076
479,s27,479s27,0.0624858362183385
479,s28,479s28,0.0521696771357705
480,s01,480s01,0.0831697135965041
480,s02,480s02,0.0638663609452421
480,s03,480s03,0.0677303392739959
480,s04,480s04,0.0618146014501858
480,s05,480s05,0.0482176910796965
480,s06,480s06,0.0643507773211592
480,s07,480s07,
480,s08,480s08,0.0248045286596953
480,s09,480s09,0.0550119186860487
480,s10,480s10,0.0301706315500516
480,s11,480s11,0.0583124066353147
480,s12,480s12,0.0602310015872864
480,s13,480s13,0.0735139583379548
480,s14,480s14,0.0700301258076335
480,s15,480s15,0.0725601577693044
480,s16,480s16,0.0690211327437247
480,s17,480s17,0.0559963048590585
480,s18,480s18,0.0442472914338582
480,s19,480s19,0.0623014598390252
480,s20,480s20,0.0405720817834042
480,s21,480s21,
480,s22,480s22,0.0665555262061451
480,s23,480s23,0.0163183895507515
480,s24,480s24,0.0560941121573256
480,s25,480s25,0.1029170185585774
480,s26,480s26,0.0697269902128467
480,s27,480s27,0.0471324288911092
480,s28,480s28,0.0368162698085412
482,s01,482s01,
482,s02,482s02,
482,s03,482s03,
482,s04,482s04,0.0578461978290023
482,s05,482s05,
482,s06,482s06,
482,s07,482s07,
482,s08,482s08,0.0208361250385117
482,s09,482s09,
482,s10,482s10,
482,s11,482s11,0.0543440030141311
482,s12,482s12,0.0562625979661029
482,s13,482s13,0.0695455547167712
482,s14,482s14,
482,s15,482s15,0.0685917541481209
482,s16,482s16,0.0650527291225412
482,s17,482s17,0.0520279012378749
482,s18,482s18,0.0402788878126747
482,s19,482s19,0.0583330562178417
482,s20,482s20,
482,s21,482s21,
482,s22,482s22,0.0625871225849615
482,s23,482s23,0.0123499859295679
482,s24,482s24,
482,s25,482s25,
482,s26,482s26,0.0657585865916632
482,s27,482s27,0.0431640252699256
482,s28,482s28,0.0328478661873576
492,s01,492s01,
492,s02,492s02,
492,s03,492s03,0.0724063452983948
492,s04,492s04,0.0664906074745846
492,s05,492s05,0.0528936971040953
492,s06,492s06,
492,s07,492s07,
492,s08,492s08,0.0294805346840941
492,s09,492s09,
492,s10,492s10,
492,s11,492s11,
492,s12,492s12,0.0649070076116852
492,s13,492s13,
492,s14,492s14,0.0747061318320323
492,s15,492s15,
492,s16,492s16,
492,s17,492s17,0.0606723108834573
492,s18,492s18,
492,s19,492s19,
492,s20,492s20,
492,s21,492s21,0.0420449249050809
492,s22,492s22,0.0712315322305438
492,s23,492s23,0.0209943955751503
492,s24,492s24,
492,s25,492s25,0.1075930245829762
492,s26,492s26,0.0744029962372455
492,s27,492s27,0.051808434915508
492,s28,492s28,
510,s01,510s01,0.1008386059909286
510,s02,510s02,0.0815352533396666
510,s03,510s03,0.0853992316684205
510,s04,510s04,0.0794834938446104
510,s05,510s05,0.065886583474121
510,s06,510s06,0.0820196697155837
510,s07,510s07,0.0544538130621789
510,s08,510s08,0.0424734210541198
510,s09,510s09,0.0726808110804733
510,s10,510s10,0.0478395239444762
510,s11,510s11,0.0759812990297392
510,s12,510s12,0.0778998939817109
510,s13,510s13,0.0911828507323793
510,s14,510s14,0.0876990182020581
510,s15,510s15,0.090229050163729
510,s16,510s16,0.0866900251381493
510,s17,510s17,0.073665197253483
510,s18,510s18,0.0619161838282827
510,s19,510s19,0.0799703522334498
510,s20,510s20,0.0582409741778287
510,s21,510s21,
510,s22,510s22,0.0842244186005696
510,s23,510s23,0.033987281945176
510,s24,510s24,0.0737630045517501
510,s25,510s25,0.1205859109530019
510,s26,510s26,0.0873958826072712
510,s27,510s27,0.0648013212855337
510,s28,510s28,0.0544851622029657
530,s01,530s01,0.1033941565706847
530,s02,530s02,0.0840908039194228
530,s03,530s03,0.0879547822481765
530,s04,530s04,0.0820390444243665
530,s05,530s05,0.0684421340538771
530,s06,530s06,0.0845752202953398
530,s07,530s07,0.0570093636419351
530,s08,530s08,0.0450289716338759
530,s09,530s09,
530,s10,530s10,0.0503950745242322
530,s11,530s11,0.0785368496094953
530,s12,530s12,0.080455444561467
530,s13,530s13,0.0937384013121354
530,s14,530s14,0.0902545687818141
530,s15,530s15,0.092784600743485
530,s16,530s16,0.0892455757179055
530,s17,530s17,0.076220747833239
530,s18,530s18,0.0644717344080388
530,s19,530s19,0.0825259028132059
530,s20,530s20,
530,s21,530s21,
530,s22,530s22,0.0867799691803256
530,s23,530s23,0.0365428325249321
530,s24,530s24,0.0763185551315063
530,s25,530s25,
530,s26,530s26,0.0899514331870273
530,s27,530s27,0.0673568718652898
530,s28,530s28,0.0570407127827218
540,s01,540s01,0.1335866052946543
540,s02,540s02,0.1142832526433925
540,s03,540s03,0.1181472309721462
540,s04,540s04,0.1122314931483362
540,s05,540s05,0.0986345827778467
540,s06,540s06,0.1147676690193095
540,s07,540s07,0.0872018123659047
540,s08,540s08,0.0752214203578455
540,s09,540s09,0.105428810384199
540,s10,540s10,0.0805875232482018
540,s11,540s11,0.1087292983334649
540,s12,540s12,0.1106478932854367
540,s13,540s13,0.1239308500361049
540,s14,540s14,0.1204470175057838
540,s15,540s15,0.1229770494674546
540,s16,540s16,0.1194380244418751
540,s17,540s17,0.1064131965572088
540,s18,540s18,0.0946641831320085
540,s19,540s19,0.1127183515371755
540,s20,540s20,0.0909889734815545
540,s21,540s21,0.0877858105788324
540,s22,540s22,0.1169724179042953
540,s23,540s23,0.0667352812489018
540,s24,540s24,0.1065110038554759
540,s25,540s25,0.1533339102567275
540,s26,540s26,0.120143881910997
540,s27,540s27,0.0975493205892594
540,s28,540s28,0.0872331615066915
550,s01,550s01,0.1135693986414929
550,s02,550s02,0.0942660459902309
550,s03,550s03,0.0981300243189846
550,s04,550s04,0.0922142864951746
550,s05,550s05,0.0786173761246853
550,s06,550s06,0.0947504623661479
550,s07,550s07,
550,s08,550s08,0.055204213704684
550,s09,550s09,0.0854116037310375
550,s10,550s10,0.0605703165950404
550,s11,550s11,0.0887120916803034
550,s12,550s12,0.0906306866322751
550,s13,550s13,0.1039136433829435
550,s14,550s14,0.1004298108526222
550,s15,550s15,0.1029598428142931
550,s16,550s16,0.0994208177887136
550,s17,550s17,0.0863959899040472
550,s18,550s18,0.0746469764788469
550,s19,550s19,0.092701144884014
550,s20,550s20,0.070971766828393
550,s21,550s21,
550,s22,550s22,0.0969552112511338
550,s23,550s23,0.0467180745957403
550,s24,550s24,0.0864937972023143
550,s25,550s25,0.1333167036035661
550,s26,550s26,0.1001266752578354
550,s27,550s27,0.0775321139360979
550,s28,550s28,0.0672159548535299
561,s01,561s01,0.1115030758904222
561,s02,561s02,0.0921997232391603
561,s03,561s03,0.0960637015679141
561,s04,561s04,0.090147963744104
561,s05,561s05,0.0765510533736146
561,s06,561s06,0.0926841396150773
561,s07,561s07,0.0651182829616726
561,s08,561s08,0.0531378909536134
561,s09,561s09,0.0833452809799669
561,s10,561s10,0.0585039938439697
561,s11,561s11,0.0866457689292328
561,s12,561s12,0.0885643638812045
561,s13,561s13,0.1018473206318729
561,s14,561s14,0.0983634881015517
561,s15,561s15,0.1008935200632225
561,s16,561s16,0.097354495037643
561,s17,561s17,0.0843296671529766
561,s18,561s18,0.0725806537277763
561,s19,561s19,0.0906348221329434
561,s20,561s20,0.0689054440773223
561,s21,561s21,0.0657022811746002
561,s22,561s22,0.0948888885000632
561,s23,561s23,0.0446517518446697
561,s24,561s24,0.0844274744512438
561,s25,561s25,0.1312503808524954
561,s26,561s26,0.0980603525067648
561,s27,561s27,0.0754657911850273
561,s28,561s28,0.0651496321024593
563,s01,563s01,
563,s02,563s02,
563,s03,563s03,
563,s04,563s04,0.0507482456383924
563,s05,563s05,0.037151335267903
563,s06,563s06,
563,s07,563s07,
563,s08,563s08,0.0137381728479018
563,s09,563s09,
563,s10,563s10,0.0191042757382581
563,s11,563s11,
563,s12,563s12,0.0491646457754929
563,s13,563s13,
563,s14,563s14,
563,s15,563s15,
563,s16,563s16,
563,s17,563s17,0.044929949047265
563,s18,563s18,
563,s19,563s19,
563,s20,563s20,
563,s21,563s21,
563,s22,563s22,0.0554891703943516
563,s23,563s23,0.005252033738958
563,s24,563s24,
563,s25,563s25,
563,s26,563s26,0.0586606344010532
563,s27,563s27,0.0360660730793157
563,s28,563s28,
573,s01,573s01,0.0983405024222881
573,s02,573s02,0.0790371497710261
573,s03,573s03,0.08290112809978
573,s04,573s04,0.0769853902759698
573,s05,573s05,0.0633884799054805
573,s06,573s06,0.0795215661469432
573,s07,573s07,0.0519557094935384
573,s08,573s08,0.0399753174854793
573,s09,573s09,
573,s10,573s10,0.0453414203758356
573,s11,573s11,0.0734831954610987
573,s12,573s12,0.0754017904130704
573,s13,573s13,0.0886847471637388
573,s14,573s14,0.0852009146334175
573,s15,573s15,0.0877309465950885
573,s16,573s16,0.0841919215695088
573,s17,573s17,0.0711670936848424
573,s18,573s18,0.0594180802596422
573,s19,573s19,0.0774722486648093
573,s20,573s20,0.0557428706091882
573,s21,573s21,
573,s22,573s22,0.081726315031929
573,s23,573s23,0.0314891783765355
573,s24,573s24,0.0712649009831096
573,s25,573s25,0.1180878073843614
573,s26,573s26,0.0848977790386307
573,s27,573s27,0.0623032177168932
573,s28,573s28,0.0519870586343252
575,s01,575s01,0.0977649352564686
575,s02,575s02,0.0784615826052067
575,s03,575s03,0.0823255609339604
575,s04,575s04,0.0764098231101503
575,s05,575s05,0.062812912739661
575,s06,575s06,0.0789459989811236
575,s07,575s07,0.0513801423277189
575,s08,575s08,0.0393997503196598
575,s09,575s09,
575,s10,575s10,0.0447658532100161
575,s11,575s11,0.0729076282952791
575,s12,575s12,0.0748262232472509
575,s13,575s13,0.0881091799979192
575,s14,575s14,0.084625347467598
575,s15,575s15,0.0871553794292689
575,s16,575s16,0.0836163544036893
575,s17,575s17,0.070591526519023
575,s18,575s18,0.0588425130938227
575,s19,575s19,0.0768966814989898
575,s20,575s20,0.0551673034433687
575,s21,575s21,
575,s22,575s22,0.0811507478661095
575,s23,575s23,0.030913611210716
575,s24,575s24,0.0706893338172902
575,s25,575s25,0.1175122402185419
575,s26,575s26,0.0843222118728112
575,s27,575s27,0.0617276505510737
575,s28,575s28,0.0514114914685057
580,s01,580s01,0.1478979814369761
580,s02,580s02,0.1285946287857141
580,s03,580s03,0.1324586071144679
580,s04,580s04,0.1265428692906578
580,s05,580s05,0.1129459589201685
580,s06,580s06,0.1290790451616311
580,s07,580s07,
580,s08,580s08,0.0895327965001672
580,s09,580s09,
580,s10,580s10,0.0948988993905235
580,s11,580s11,0.1230406744757865
580,s12,580s12,0.1249592694277584
580,s13,580s13,0.1382422261784267
580,s14,580s14,0.1347583936481054
580,s15,580s15,0.1372884256097764
580,s16,580s16,0.1337494005841967
580,s17,580s17,0.1207245726995304
580,s18,580s18,0.1089755592743301
580,s19,580s19,0.1270297276794972
580,s20,580s20,
580,s21,580s21,
580,s22,580s22,0.1312837940466171
580,s23,580s23,0.0810466573912234
580,s24,580s24,0.1208223799977975
580,s25,580s25,0.1676452863990493
580,s26,580s26,0.1344552580533186
580,s27,580s27,0.111860696731581
580,s28,580s28,0.1015445376490131
607,s01,607s01,0.1039563466152636
607,s02,607s02,0.0846529939640016
607,s03,607s03,0.0885169722927554
607,s04,607s04,0.0826012344689453
607,s05,607s05,0.0690043240984559
607,s06,607s06,0.0851374103399186
607,s07,607s07,0.0575715536865139
607,s08,607s08,0.0455911616784547
607,s09,607s09,0.0757985517048081
607,s10,607s10,0.0509572645688111
607,s11,607s11,0.0790990396540741
607,s12,607s12,0.0810176346060459
607,s13,607s13,0.0943005913567142
607,s14,607s14,0.090816758826393
607,s15,607s15,0.0933467907880639
607,s16,607s16,0.0898077657624842
607,s17,607s17,0.0767829378778179
607,s18,607s18,0.0650339244526177
607,s19,607s19,0.0830880928577847
607,s20,607s20,0.0613587148021637
607,s21,607s21,0.0581555518994416
607,s22,607s22,0.0873421592249045
607,s23,607s23,0.0371050225695109
607,s24,607s24,0.0768807451760851
607,s25,607s25,0.1237036515773369
607,s26,607s26,0.0905136232316062
607,s27,607s27,0.0679190619098686
607,s28,607s28,0.0576029028273006
615,s01,615s01,0.104694084009451
615,s02,615s02,0.0853907313581891
615,s03,615s03,0.0892547096869429
615,s04,615s04,0.0833389718631327
615,s05,615s05,0.0697420614926433
615,s06,615s06,0.0858751477341061
615,s07,615s07,0.0583092910807013
615,s08,615s08,0.0463288990726421
615,s09,615s09,0.0765362890989956
615,s10,615s10,0.0516950019629985
615,s11,615s11,0.0798367770482616
615,s12,615s12,0.0817553720002333
615,s13,615s13,0.0950383287509017
615,s14,615s14,0.0915544962205804
615,s15,615s15,0.0940845281822513
615,s16,615s16,0.0905455031566717
615,s17,615s17,0.0775206752720054
615,s18,615s18,0.0657716618468051
615,s19,615s19,0.0838258302519722
615,s20,615s20,0.0620964521963511
615,s21,615s21,
615,s22,615s22,0.0880798966190919
615,s23,615s23,0.0378427599636985
615,s24,615s24,0.0776184825702726
615,s25,615s25,0.1244413889715243
615,s26,615s26,0.0912513606257936
615,s27,615s27,0.0686567993040561
615,s28,615s28,0.0583406402214881
621,s01,621s01,0.1108075205525845
621,s02,621s02,0.0915041679013225
621,s03,621s03,0.0953681462300763
621,s04,621s04,0.0894524084062662
621,s05,621s05,0.0758554980357768
621,s06,621s06,0.0919885842772395
621,s07,621s07,0.0644227276238348
621,s08,621s08,0.0524423356157756
621,s09,621s09,0.0826497256421291
621,s10,621s10,0.057808438506132
621,s11,621s11,0.085950213591395
621,s12,621s12,0.0878688085433668
621,s13,621s13,0.101151765294035
621,s14,621s14,0.0976679327637139
621,s15,621s15,0.1001979647253847
621,s16,621s16,0.0966589396998051
621,s17,621s17,0.0836341118151388
621,s18,621s18,0.0718850983899386
621,s19,621s19,0.0899392667951057
621,s20,621s20,0.0682098887394846
621,s21,621s21,0.0650067258367625
621,s22,621s22,0.0941933331622254
621,s23,621s23,0.0439561965068319
621,s24,621s24,0.083731919113406
621,s25,621s25,0.1305548255146578
621,s26,621s26,0.0973647971689271
621,s27,621s27,0.0747702358471895
621,s28,621s28,0.0644540767646216
630,s01,630s01,0.1128753601032081
630,s02,630s02,0.0935720074519461
630,s03,630s03,0.0974359857807
630,s04,630s04,0.0915202479568898
630,s05,630s05,0.0779233375864005
630,s06,630s06,0.0940564238278631
630,s07,630s07,0.0664905671744584
630,s08,630s08,0.0545101751663993
630,s09,630s09,0.0847175651927527
630,s10,630s10,0.0598762780567556
630,s11,630s11,0.0880180531420186
630,s12,630s12,0.0899366480939904
630,s13,630s13,0.1032196048446587
630,s14,630s14,0.0997357723143375
630,s15,630s15,0.1022658042760084
630,s16,630s16,0.0987267792504287
630,s17,630s17,0.0857019513657624
630,s18,630s18,0.0739529379405622
630,s19,630s19,0.0920071063457292
630,s20,630s20,0.0702777282901082
630,s21,630s21,0.0670745653873861
630,s22,630s22,0.0962611727128491
630,s23,630s23,0.0460240360574555
630,s24,630s24,0.0857997586640296
630,s25,630s25,0.1326226650652814
630,s26,630s26,0.0994326367195507
630,s27,630s27,0.0768380753978132
630,s28,630s28,0.0665219163152452
657,s01,657s01,0.1065937616448773
657,s02,657s02,0.0872904089936153
657,s03,657s03,0.0911543873223691
657,s04,657s04,0.085238649498559
657,s05,657s05,0.0716417391280697
657,s06,657s06,0.0877748253695322
657,s07,657s07,
657,s08,657s08,0.0482285767080684
657,s09,657s09,0.0784359667344219
657,s10,657s10,0.0535946795984247
657,s11,657s11,0.0817364546836877
657,s12,657s12,0.0836550496356596
657,s13,657s13,0.0969380063863279
657,s14,657s14,0.0934541738560067
657,s15,657s15,0.0959842058176776
657,s16,657s16,0.0924451807920979
657,s17,657s17,0.0794203529074316
657,s18,657s18,0.0676713394822314
657,s19,657s19,0.0857255078873984
657,s20,657s20,0.0639961298317774
657,s21,657s21,
657,s22,657s22,0.0899795742545182
657,s23,657s23,0.0397424375991246
657,s24,657s24,0.0795181602056988
657,s25,657s25,0.1263410666069506
657,s26,657s26,0.0931510382612198
657,s27,657s27,0.0705564769394823
657,s28,657s28,0.0602403178569143
661,s01,661s01,0.1001655480551738
661,s02,661s02,0.0808621954039119
661,s03,661s03,0.0847261737326656
661,s04,661s04,0.0788104359088556
661,s05,661s05,0.0652135255383662
661,s06,661s06,0.0813466117798289
661,s07,661s07,
661,s08,661s08,0.0418003631183649
661,s09,661s09,
661,s10,661s10,0.0471664660087213
661,s11,661s11,0.0753082410939844
661,s12,661s12,0.0772268360459561
661,s13,661s13,0.0905097927966244
661,s14,661s14,0.0870259602663032
661,s15,661s15,0.0895559922279741
661,s16,661s16,0.0860169672023945
661,s17,661s17,0.0729921393177282
661,s18,661s18,0.0612431258925279
661,s19,661s19,0.0792972942976949
661,s20,661s20,
661,s21,661s21,
661,s22,661s22,0.0835513606648148
661,s23,661s23,0.0333142240094212
661,s24,661s24,0.0730899466159953
661,s25,661s25,0.1199128530172471
661,s26,661s26,0.0867228246715164
661,s27,661s27,0.0641282633497789
661,s28,661s28,0.0538121042672109
665,s01,665s01,
665,s02,665s02,
665,s03,665s03,0.0544154968650668
665,s04,665s04,0.0484997590412567
665,s05,665s05,
665,s06,665s06,
665,s07,665s07,
665,s08,665s08,0.0114896862507661
665,s09,665s09,
665,s10,665s10,0.0168557891411224
665,s11,665s11,0.0449975642263855
665,s12,665s12,0.0469161591783572
665,s13,665s13,0.0601991159290256
665,s14,665s14,0.0567152833987043
665,s15,665s15,0.0592453153603752
665,s16,665s16,0.0557062903347956
665,s17,665s17,0.0426814624501293
665,s18,665s18,
665,s19,665s19,0.0489866174300961
665,s20,665s20,
665,s21,665s21,
665,s22,665s22,0.0532406837972159
665,s23,665s23,0.0030035471418224
665,s24,665s24,
665,s25,665s25,
665,s26,665s26,0.0564121478039176
665,s27,665s27,0.03381758648218
665,s28,665s28,0.023501427399612
671,s01,671s01,0.0641508065204552
671,s02,671s02,0.0448474538691932
671,s03,671s03,0.048711432197947
671,s04,671s04,0.0427956943741369
671,s05,671s05,0.0291987840036475
671,s06,671s06,0.0453318702451102
671,s07,671s07,
671,s08,671s08,0.0057856215836463
671,s09,671s09,
671,s10,671s10,0.0111517244740026
671,s11,671s11,0.0392934995592657
671,s12,671s12,0.0412120945112375
671,s13,671s13,0.0544950512619058
671,s14,671s14,0.0510112187315846
671,s15,671s15,0.0535412506932555
671,s16,671s16,0.0500022256676758
671,s17,671s17,0.0369773977830096
671,s18,671s18,0.0252283843578092
671,s19,671s19,
671,s20,671s20,0.0215531747073553
671,s21,671s21,
671,s22,671s22,0.0475366191300961
671,s23,671s23,-0.0027005175252974
671,s24,671s24,
671,s25,671s25,0.0838981114825285
671,s26,671s26,0.0507080831367978
671,s27,671s27,0.0281135218150602
671,s28,671s28,0.0177973627324922
706,s01,706s01,0.0966398805176549
706,s02,706s02,0.0773365278663928
706,s03,706s03,0.0812005061951467
706,s04,706s04,0.0752847683713365
706,s05,706s05,0.0616878580008472
706,s06,706s06,0.0778209442423099
706,s07,706s07,0.0502550875889052
706,s08,706s08,0.038274695580846
706,s09,706s09,0.0684820856071995
706,s10,706s10,0.0436407984712023
706,s11,706s11,0.0717825735564654
706,s12,706s12,0.0737011685084371
706,s13,706s13,0.0869841252591055
706,s14,706s14,0.0835002927287843
706,s15,706s15,0.0860303246904552
706,s16,706s16,0.0824912996648754
706,s17,706s17,0.0694664717802092
706,s18,706s18,0.0577174583550089
706,s19,706s19,0.075771626760176
706,s20,706s20,0.054042248704555
706,s21,706s21,
706,s22,706s22,0.0800256931272958
706,s23,706s23,0.0297885564719022
706,s24,706s24,0.0695642790784763
706,s25,706s25,0.1163871854797281
706,s26,706s26,0.0831971571339974
706,s27,706s27,0.0606025958122599
706,s28,706s28,0.0502864367296919
707,s01,707s01,0.0876842027403046
707,s02,707s02,0.0683808500890426
707,s03,707s03,0.0722448284177964
707,s04,707s04,0.0663290905939863
707,s05,707s05,0.0527321802234969
707,s06,707s06,0.0688652664649596
707,s07,707s07,
707,s08,707s08,0.0293190178034956
707,s09,707s09,0.0595264078298491
707,s10,707s10,0.034685120693852
707,s11,707s11,0.062826895779115
707,s12,707s12,0.0647454907310869
707,s13,707s13,0.0780284474817551
707,s14,707s14,0.074544614951434
707,s15,707s15,0.0770746469131049
707,s16,707s16,0.0735356218875252
707,s17,707s17,0.0605107940028589
707,s18,707s18,0.0487617805776586
707,s19,707s19,0.0668159489828257
707,s20,707s20,0.0450865709272046
707,s21,707s21,
707,s22,707s22,0.0710700153499455
707,s23,707s23,0.0208328786945519
707,s24,707s24,0.060608601301126
707,s25,707s25,0.1074315077023778
707,s26,707s26,0.0742414793566471
707,s27,707s27,0.0516469180349096
707,s28,707s28,0.0413307589523416
710,s01,710s01,0.0956769208583327
710,s02,710s02,0.0763735682070708
710,s03,710s03,0.0802375465358246
710,s04,710s04,0.0743218087120145
710,s05,710s05,0.0607248983415251
710,s06,710s06,0.0768579845829878
710,s07,710s07,
710,s08,710s08,0.0373117359215239
710,s09,710s09,0.0675191259478774
710,s10,710s10,0.0426778388118802
710,s11,710s11,0.0708196138971433
710,s12,710s12,0.0727382088491151
710,s13,710s13,0.0860211655997834
710,s14,710s14,0.0825373330694621
710,s15,710s15,0.0850673650311331
710,s16,710s16,0.0815283400055535
710,s17,710s17,0.0685035121208871
710,s18,710s18,0.0567544986956869
710,s19,710s19,0.0748086671008539
710,s20,710s20,0.0530792890452328
710,s21,710s21,
710,s22,710s22,0.0790627334679737
710,s23,710s23,0.0288255968125801
710,s24,710s24,0.0686013194191543
710,s25,710s25,0.115424225820406
710,s26,710s26,0.0822341974746753
710,s27,710s27,0.0596396361529379
710,s28,710s28,0.0493234770703698
727,s01,727s01,0.0847465574829254
727,s02,727s02,0.0654432048316636
727,s03,727s03,0.0693071831604172
727,s04,727s04,0.0633914453366072
727,s05,727s05,0.0497945349661178
727,s06,727s06,0.0659276212075805
727,s07,727s07,
727,s08,727s08,0.0263813725461166
727,s09,727s09,0.0565887625724701
727,s10,727s10,0.0317474754364729
727,s11,727s11,0.059889250521736
727,s12,727s12,0.0618078454737077
727,s13,727s13,0.0750908022243761
727,s14,727s14,0.0716069696940548
727,s15,727s15,0.0741370016557257
727,s16,727s16,0.0705979766301462
727,s17,727s17,0.0575731487454798
727,s18,727s18,0.0458241353202795
727,s19,727s19,0.0638783037254466
727,s20,727s20,0.0421489256698255
727,s21,727s21,
727,s22,727s22,0.0681323700925664
727,s23,727s23,0.0178952334371728
727,s24,727s24,0.0576709560437469
727,s25,727s25,0.1044938624449987
727,s26,727s26,0.071303834099268
727,s27,727s27,0.0487092727775306
727,s28,727s28,0.0383931136949626
730,s01,730s01,0.1043468280854915
730,s02,730s02,0.0850434754342296
730,s03,730s03,0.0889074537629834
730,s04,730s04,0.0829917159391733
730,s05,730s05,0.0693948055686839
730,s06,730s06,0.0855278918101466
730,s07,730s07,
730,s08,730s08,0.0459816431486827
730,s09,730s09,0.0761890331750361
730,s10,730s10,0.051347746039039
730,s11,730s11,0.0794895211243021
730,s12,730s12,0.0814081160762738
730,s13,730s13,0.0946910728269422
730,s14,730s14,0.091207240296621
730,s15,730s15,0.0937372722582918
730,s16,730s16,0.0901982472327123
730,s17,730s17,0.0771734193480459
730,s18,730s18,0.0654244059228457
730,s19,730s19,0.0834785743280126
730,s20,730s20,0.0617491962723916
730,s21,730s21,
730,s22,730s22,0.0877326406951325
730,s23,730s23,0.0374955040397389
730,s24,730s24,0.0772712266463131
730,s25,730s25,0.1240941330475649
730,s26,730s26,0.0909041047018342
730,s27,730s27,0.0683095433800967
730,s28,730s28,0.0579933842975286
740,s01,740s01,0.0995365070069135
740,s02,740s02,0.0802331543556515
740,s03,740s03,0.0840971326844053
740,s04,740s04,0.0781813948605952
740,s05,740s05,0.0645844844901058
740,s06,740s06,0.0807175707315685
740,s07,740s07,0.0531517140781638
740,s08,740s08,0.0411713220701046
740,s09,740s09,0.071378712096458
740,s10,740s10,0.046537424960461
740,s11,740s11,0.074679200045724
740,s12,740s12,0.0765977949976958
740,s13,740s13,0.0898807517483641
740,s14,740s14,0.0863969192180429
740,s15,740s15,0.0889269511797138
740,s16,740s16,0.0853879261541341
740,s17,740s17,0.0723630982694678
740,s18,740s18,0.0606140848442676
740,s19,740s19,0.0786682532494346
740,s20,740s20,0.0569388751938136
740,s21,740s21,0.0537357122910914
740,s22,740s22,0.0829223196165544
740,s23,740s23,0.0326851829611608
740,s24,740s24,0.072460905567735
740,s25,740s25,0.1192838119689868
740,s26,740s26,0.0860937836232561
740,s27,740s27,0.0634992223015185
740,s28,740s28,0.0531830632189505
741,s01,741s01,
741,s02,741s02,
741,s03,741s03,0.0400399556658101
741,s04,741s04,0.034124217842
741,s05,741s05,0.0205273074715107
741,s06,741s06,0.0366603937129733
741,s07,741s07,
741,s08,741s08,-0.0028858549484906
741,s09,741s09,
741,s10,741s10,0.0024802479418658
741,s11,741s11,
741,s12,741s12,
741,s13,741s13,
741,s14,741s14,
741,s15,741s15,0.0448697741611186
741,s16,741s16,0.0413307491355389
741,s17,741s17,0.0283059212508726
741,s18,741s18,
741,s19,741s19,0.0346110762308394
741,s20,741s20,
741,s21,741s21,
741,s22,741s22,0.0388651425979592
741,s23,741s23,-0.0113719940574343
741,s24,741s24,
741,s25,741s25,
741,s26,741s26,
741,s27,741s27,0.0194420452829234
741,s28,741s28,
746,s01,746s01,0.1074380443720607
746,s02,746s02,0.0881346917207988
746,s03,746s03,0.0919986700495526
746,s04,746s04,0.0860829322257424
746,s05,746s05,0.0724860218552531
746,s06,746s06,0.0886191080967158
746,s07,746s07,0.061053251443311
746,s08,746s08,0.0490728594352519
746,s09,746s09,0.0792802494616053
746,s10,746s10,0.0544389623256083
746,s11,746s11,0.0825807374108713
746,s12,746s12,0.084499332362843
746,s13,746s13,0.0977822891135113
746,s14,746s14,0.0942984565831902
746,s15,746s15,0.096828488544861
746,s16,746s16,0.0932894635192814
746,s17,746s17,0.0802646356346151
746,s18,746s18,0.0685156222094148
746,s19,746s19,0.0865697906145819
746,s20,746s20,0.0648404125589608
746,s21,746s21,0.0616372496562387
746,s22,746s22,0.0908238569817017
746,s23,746s23,0.0405867203263081
746,s24,746s24,0.0803624429328823
746,s25,746s25,0.1271853493341341
746,s26,746s26,0.0939953209884034
746,s27,746s27,0.0714007596666658
746,s28,746s28,0.0610846005840978
751,s01,751s01,0.1263512842114149
751,s02,751s02,0.1070479315601531
751,s03,751s03,0.1109119098889068
751,s04,751s04,0.1049961720650967
751,s05,751s05,0.0913992616946074
751,s06,751s06,0.1075323479360701
751,s07,751s07,0.0799664912826653
751,s08,751s08,0.0679860992746062
751,s09,751s09,0.0981934893009597
751,s10,751s10,0.0733522021649625
751,s11,751s11,0.1014939772502255
751,s12,751s12,0.1034125722021973
751,s13,751s13,0.1166955289528657
751,s14,751s14,0.1132116964225444
751,s15,751s15,0.1157417283842153
751,s16,751s16,0.1122027033586357
751,s17,751s17,0.0991778754739694
751,s18,751s18,0.0874288620487691
751,s19,751s19,0.1054830304539362
751,s20,751s20,0.0837536523983151
751,s21,751s21,0.080550489495593
751,s22,751s22,0.109737096821056
751,s23,751s23,0.0594999601656624
751,s24,751s24,0.0992756827722365
751,s25,751s25,0.1460985891734883
751,s26,751s26,0.1129085608277576
751,s27,751s27,0.0903139995060201
751,s28,751s28,0.0799978404234521
756,s01,756s01,0.0883318919898678
756,s02,756s02,0.0690285393386058
756,s03,756s03,0.0728925176673596
756,s04,756s04,0.0669767798435495
756,s05,756s05,0.0533798694730602
756,s06,756s06,0.0695129557145229
756,s07,756s07,
756,s08,756s08,0.0299667070530589
756,s09,756s09,0.0601740970794124
756,s10,756s10,0.0353328099434153
756,s11,756s11,0.0634745850286784
756,s12,756s12,0.0653931799806501
756,s13,756s13,0.0786761367313184
756,s14,756s14,0.0751923042009972
756,s15,756s15,0.0777223361626681
756,s16,756s16,0.0741833111370884
756,s17,756s17,0.0611584832524221
756,s18,756s18,0.0494094698272219
756,s19,756s19,0.0674636382323889
756,s20,756s20,
756,s21,756s21,
756,s22,756s22,0.0717177045995088
756,s23,756s23,0.0214805679441152
756,s24,756s24,0.0612562905506893
756,s25,756s25,0.1080791969519412
756,s26,756s26,0.0748891686062103
756,s27,756s27,0.0522946072844729
756,s28,756s28,0.0419784482019049
760,s01,760s01,
760,s02,760s02,0.0718833057958716
760,s03,760s03,0.0757472841246253
760,s04,760s04,0.0698315463008152
760,s05,760s05,
760,s06,760s06,0.0723677221717886
760,s07,760s07,
760,s08,760s08,0.0328214735103246
760,s09,760s09,
760,s10,760s10,
760,s11,760s11,0.066329351485944
760,s12,760s12,0.0682479464379158
760,s13,760s13,0.0815309031885841
760,s14,760s14,0.078047070658263
760,s15,760s15,0.0805771026199338
760,s16,760s16,0.0770380775943542
760,s17,760s17,0.0640132497096879
760,s18,760s18,0.0522642362844876
760,s19,760s19,0.0703184046896547
760,s20,760s20,
760,s21,760s21,
760,s22,760s22,0.0745724710567744
760,s23,760s23,0.0243353344013809
760,s24,760s24,0.064111057007955
760,s25,760s25,
760,s26,760s26,0.0777439350634761
760,s27,760s27,0.0551493737417386
760,s28,760s28,0.0448332146591706
766,s01,766s01,0.0992107732708034
766,s02,766s02,0.0799074206195415
766,s03,766s03,0.0837713989482953
766,s04,766s04,0.0778556611244851
766,s05,766s05,0.0642587507539958
766,s06,766s06,0.0803918369954585
766,s07,766s07,0.0528259803420538
766,s08,766s08,0.0408455883339946
766,s09,766s09,0.071052978360348
766,s10,766s10,0.0462116912243509
766,s11,766s11,0.0743534663096139
766,s12,766s12,0.0762720612615857
766,s13,766s13,0.0895550180122541
766,s14,766s14,0.0860711854819328
766,s15,766s15,0.0886012174436038
766,s16,766s16,0.085062192418024
766,s17,766s17,0.0720373645333578
766,s18,766s18,0.0602883511081575
766,s19,766s19,0.0783425195133246
766,s20,766s20,0.0566131414577035
766,s21,766s21,
766,s22,766s22,0.0825965858804443
766,s23,766s23,0.0323594492250508
766,s24,766s24,0.0721351718316249
766,s25,766s25,0.1189580782328767
766,s26,766s26,0.085768049887146
766,s27,766s27,0.0631734885654085
766,s28,766s28,0.0528573294828405
773,s01,773s01,
773,s02,773s02,
773,s03,773s03,
773,s04,773s04,0.0510306717694116
773,s05,773s05,
773,s06,773s06,
773,s07,773s07,
773,s08,773s08,0.0140205989789211
773,s09,773s09,
773,s10,773s10,
773,s11,773s11,
773,s12,773s12,
773,s13,773s13,
773,s14,773s14,0.0592461961268593
773,s15,773s15,0.0617762280885302
773,s16,773s16,
773,s17,773s17,0.0452123751782843
773,s18,773s18,
773,s19,773s19,0.051517530158251
773,s20,773s20,0.02978815210263
773,s21,773s21,
773,s22,773s22,0.0557715965253709
773,s23,773s23,0.0055344598699773
773,s24,773s24,
773,s25,773s25,
773,s26,773s26,0.0589430605320725
773,s27,773s27,0.036348499210335
773,s28,773s28,0.026032340127767
779,s01,779s01,0.0919936856830784
779,s02,779s02,0.0726903330318164
779,s03,779s03,0.0765543113605702
779,s04,779s04,0.0706385735367601
779,s05,779s05,0.0570416631662707
779,s06,779s06,0.0731747494077334
779,s07,779s07,
779,s08,779s08,0.0336285007462695
779,s09,779s09,
779,s10,779s10,0.0389946036366259
779,s11,779s11,0.0671363787218889
779,s12,779s12,0.0690549736738607
779,s13,779s13,0.082337930424529
779,s14,779s14,0.0788540978942078
779,s15,779s15,0.0813841298558787
779,s16,779s16,0.077845104830299
779,s17,779s17,0.0648202769456327
779,s18,779s18,0.0530712635204325
779,s19,779s19,0.0711254319255995
779,s20,779s20,
779,s21,779s21,
779,s22,779s22,0.0753794982927193
779,s23,779s23,0.0251423616373257
779,s24,779s24,
779,s25,779s25,0.1117409906451516
779,s26,779s26,0.0785509622994209
779,s27,779s27,0.0559564009776834
779,s28,779s28,0.0456402418951154
787,s01,787s01,0.0823455696655211
787,s02,787s02,0.0630422170142591
787,s03,787s03,0.0669061953430129
787,s04,787s04,0.0609904575192027
787,s05,787s05,0.0473935471487134
787,s06,787s06,0.0635266333901761
787,s07,787s07,
787,s08,787s08,0.0239803847287122
787,s09,787s09,0.0541877747550656
787,s10,787s10,0.0293464876190685
787,s11,787s11,0.0574882627043315
787,s12,787s12,0.0594068576563033
787,s13,787s13,0.0726898144069716
787,s14,787s14,0.0692059818766504
787,s15,787s15,0.0717360138383213
787,s16,787s16,0.0681969888127416
787,s17,787s17,0.0551721609280754
787,s18,787s18,0.0434231475028751
787,s19,787s19,0.0614773159080422
787,s20,787s20,0.0397479378524211
787,s21,787s21,
787,s22,787s22,0.065731382275162
787,s23,787s23,0.0154942456197684
787,s24,787s24,0.0552699682263425
787,s25,787s25,0.1020928746275942
787,s26,787s26,0.0689028462818636
787,s27,787s27,0.0463082849601261
787,s28,787s28,0.0359921258775581
791,s01,791s01,0.1011560959542808
791,s02,791s02,0.0818527433030189
791,s03,791s03,0.0857167216317726
791,s04,791s04,0.0798009838079625
791,s05,791s05,0.0662040734374732
791,s06,791s06,0.0823371596789358
791,s07,791s07,
791,s08,791s08,0.042790911017472
791,s09,791s09,0.0729983010438254
791,s10,791s10,0.0481570139078283
791,s11,791s11,0.0762987889930914
791,s12,791s12,0.0782173839450631
791,s13,791s13,0.0915003406957314
791,s14,791s14,0.0880165081654102
791,s15,791s15,0.0905465401270811
791,s16,791s16,0.0870075151015015
791,s17,791s17,0.0739826872168352
791,s18,791s18,0.0622336737916349
791,s19,791s19,0.0802878421968019
791,s20,791s20,0.0585584641411809
791,s21,791s21,
791,s22,791s22,0.0845419085639217
791,s23,791s23,0.0343047719085282
791,s24,791s24,0.0740804945151023
791,s25,791s25,0.1209034009163541
791,s26,791s26,0.0877133725706233
791,s27,791s27,0.0651188112488859
791,s28,791s28,0.0548026521663179
810,s01,810s01,0.0814608386103205
810,s02,810s02,0.0621574859590585
810,s03,810s03,0.0660214642878122
810,s04,810s04,0.0601057264640022
810,s05,810s05,0.0465088160935128
810,s06,810s06,
810,s07,810s07,
810,s08,810s08,0.0230956536735116
810,s09,810s09,
810,s10,810s10,0.0284617565638679
810,s11,810s11,0.056603531649131
810,s12,810s12,0.0585221266011028
810,s13,810s13,0.071805083351771
810,s14,810s14,0.0683212508214498
810,s15,810s15,0.0708512827831207
810,s16,810s16,0.0673122577575411
810,s17,810s17,0.0542874298728748
810,s18,810s18,0.0425384164476746
810,s19,810s19,0.0605925848528416
810,s20,810s20,0.0388632067972205
810,s21,810s21,
810,s22,810s22,0.0648466512199614
810,s23,810s23,0.0146095145645678
810,s24,810s24,0.054385237171142
810,s25,810s25,0.1012081435723937
810,s26,810s26,0.068018115226663
810,s27,810s27,0.0454235539049255
810,s28,810s28,0.0351073948223575
813,s01,813s01,0.0933235842320987
813,s02,813s02,0.0740202315808368
813,s03,813s03,0.0778842099095905
813,s04,813s04,0.0719684720857805
813,s05,813s05,0.0583715617152911
813,s06,813s06,0.0745046479567538
813,s07,813s07,
813,s08,813s08,0.0349583992952899
813,s09,813s09,0.0651657893216434
813,s10,813s10,0.0403245021856462
813,s11,813s11,0.0684662772709093
813,s12,813s12,0.0703848722228811
813,s13,813s13,0.0836678289735493
813,s14,813s14,0.0801839964432281
813,s15,813s15,0.0827140284048991
813,s16,813s16,0.0791750033793194
813,s17,813s17,0.0661501754946531
813,s18,813s18,0.0544011620694528
813,s19,813s19,0.0724553304746199
813,s20,813s20,0.0507259524189988
813,s21,813s21,
813,s22,813s22,0.0767093968417397
813,s23,813s23,0.0264722601863461
813,s24,813s24,0.0662479827929202
813,s25,813s25,0.113070889194172
813,s26,813s26,0.0798808608484413
813,s27,813s27,0.0572862995267038
813,s28,813s28,0.0469701404441358
820,s01,820s01,0.0776540947138389
820,s02,820s02,
820,s03,820s03,0.0622147203913307
820,s04,820s04,0.0562989825675206
820,s05,820s05,0.0427020721970312
820,s06,820s06,
820,s07,820s07,
820,s08,820s08,0.01928890977703
820,s09,820s09,
820,s10,820s10,0.0246550126673864
820,s11,820s11,0.0527967877526495
820,s12,820s12,0.0547153827046212
820,s13,820s13,0.0679983394552894
820,s14,820s14,0.0645145069249682
820,s15,820s15,0.0670445388866391
820,s16,820s16,0.0635055138610595
820,s17,820s17,0.0504806859763932
820,s18,820s18,0.038731672551193
820,s19,820s19,0.05678584095636
820,s20,820s20,0.0350564629007389
820,s21,820s21,
820,s22,820s22,0.0610399073234798
820,s23,820s23,0.0108027706680862
820,s24,820s24,0.0505784932746604
820,s25,820s25,
820,s26,820s26,0.0642113713301815
820,s27,820s27,0.0416168100084439
820,s28,820s28,0.0313006509258759
825,s01,825s01,
825,s02,825s02,
825,s03,825s03,
825,s04,825s04,
825,s05,825s05,
825,s06,825s06,
825,s07,825s07,
825,s08,825s08,
825,s09,825s09,
825,s10,825s10,
825,s11,825s11,
825,s12,825s12,
825,s13,825s13,
825,s14,825s14,
825,s15,825s15,
825,s16,825s16,0.0408802563071856
825,s17,825s17,
825,s18,825s18,
825,s19,825s19,
825,s20,825s20,
825,s21,825s21,
825,s22,825s22,0.0384146497696059
825,s23,825s23,-0.0118224868857877
825,s24,825s24,
825,s25,825s25,
825,s26,825s26,
825,s27,825s27,0.01899155245457
825,s28,825s28,
840,s01,840s01,0.0851295977654927
840,s02,840s02,0.0658262451142308
840,s03,840s03,0.0696902234429846
840,s04,840s04,0.0637744856191745
840,s05,840s05,0.0501775752486851
840,s06,840s06,
840,s07,840s07,
840,s08,840s08,0.0267644128286839
840,s09,840s09,
840,s10,840s10,0.0321305157190402
840,s11,840s11,0.0602722908043033
840,s12,840s12,0.062190885756275
840,s13,840s13,0.0754738425069433
840,s14,840s14,0.0719900099766222
840,s15,840s15,0.074520041938293
840,s16,840s16,0.0709810169127134
840,s17,840s17,0.0579561890280471
840,s18,840s18,0.0462071756028469
840,s19,840s19,0.064261344008014
840,s20,840s20,
840,s21,840s21,
840,s22,840s22,0.0685154103751336
840,s23,840s23,0.0182782737197401
840,s24,840s24,0.0580539963263143
840,s25,840s25,
840,s26,840s26,0.0716868743818353
840,s27,840s27,0.0490923130600978
840,s28,840s28,0.0387761539775298
846,s01,846s01,0.0930488184607924
846,s02,846s02,0.0737454658095304
846,s03,846s03,0.0776094441382842
846,s04,846s04,0.0716937063144741
846,s05,846s05,0.0580967959439847
846,s06,846s06,0.0742298821854475
846,s07,846s07,
846,s08,846s08,0.0346836335239835
846,s09,846s09,
846,s10,846s10,0.0400497364143399
846,s11,846s11,0.068191511499603
846,s12,846s12,0.0701101064515747
846,s13,846s13,0.083393063202243
846,s14,846s14,0.0799092306719218
846,s15,846s15,0.0824392626335927
846,s16,846s16,0.0789002376080131
846,s17,846s17,0.0658754097233468
846,s18,846s18,0.0541263962981465
846,s19,846s19,0.0721805647033135
846,s20,846s20,0.0504511866476925
846,s21,846s21,
846,s22,846s22,0.0764346310704333
846,s23,846s23,0.0261974944150398
846,s24,846s24,0.0659732170216139
846,s25,846s25,0.1127961234228657
846,s26,846s26,0.0796060950771349
846,s27,846s27,0.0570115337553975
846,s28,846s28,0.0466953746728294
849,s01,849s01,0.0954958996928501
849,s02,849s02,0.076192547041588
849,s03,849s03,0.080056525370342
849,s04,849s04,0.0741407875465317
849,s05,849s05,0.0605438771760424
849,s06,849s06,0.0766769634175051
849,s07,849s07,
849,s08,849s08,0.0371307147560412
849,s09,849s09,
849,s10,849s10,0.0424968176463975
849,s11,849s11,0.0706385927316606
849,s12,849s12,0.0725571876836323
849,s13,849s13,0.0858401444343006
849,s14,849s14,0.0823563119039795
849,s15,849s15,0.0848863438656504
849,s16,849s16,0.0813473188400707
849,s17,849s17,0.0683224909554044
849,s18,849s18,0.0565734775302041
849,s19,849s19,0.0746276459353712
849,s20,849s20,
849,s21,849s21,
849,s22,849s22,0.078881712302491
849,s23,849s23,0.0286445756470974
849,s24,849s24,0.0684202982536715
849,s25,849s25,0.1152432046549233
849,s26,849s26,0.0820531763091926
849,s27,849s27,0.0594586149874551
849,s28,849s28,0.0491424559048871
851,s01,851s01,0.1111474998584479
851,s02,851s02,0.0918441472071859
851,s03,851s03,0.0957081255359397
851,s04,851s04,0.0897923877121296
851,s05,851s05,0.0761954773416402
851,s06,851s06,0.092328563583103
851,s07,851s07,0.0647627069296982
851,s08,851s08,0.052782314921639
851,s09,851s09,0.0829897049479925
851,s10,851s10,0.0581484178119953
851,s11,851s11,0.0862901928972584
851,s12,851s12,0.0882087878492302
851,s13,851s13,0.1014917445998985
851,s14,851s14,0.0980079120695773
851,s15,851s15,0.1005379440312482
851,s16,851s16,0.0969989190056686
851,s17,851s17,0.0839740911210023
851,s18,851s18,0.0722250776958019
851,s19,851s19,0.0902792461009689
851,s20,851s20,0.0685498680453479
851,s21,851s21,0.0653467051426258
851,s22,851s22,0.0945333124680888
851,s23,851s23,0.0442961758126952
851,s24,851s24,0.0840718984192694
851,s25,851s25,0.1308948048205212
851,s26,851s26,0.0977047764747904
851,s27,851s27,0.0751102151530529
851,s28,851s28,0.0647940560704849
860,s01,860s01,0.0939026548099286
860,s02,860s02,0.0745993021586667
860,s03,860s03,0.0784632804874204
860,s04,860s04,0.0725475426636103
860,s05,860s05,0.058950632293121
860,s06,860s06,0.0750837185345836
860,s07,860s07,
860,s08,860s08,0.0355374698731198
860,s09,860s09,
860,s10,860s10,0.0409035727634761
860,s11,860s11,0.0690453478487392
860,s12,860s12,0.0709639428007109
860,s13,860s13,0.0842468995513792
860,s14,860s14,0.0807630670210581
860,s15,860s15,0.0832930989827289
860,s16,860s16,0.0797540739571493
860,s17,860s17,0.066729246072483
860,s18,860s18,0.0549802326472827
860,s19,860s19,0.0730344010524497
860,s20,860s20,
860,s21,860s21,
860,s22,860s22,0.0772884674195695
860,s23,860s23,0.027051330764176
860,s24,860s24,0.0668270533707501
860,s25,860s25,0.1136499597720019
860,s26,860s26,0.0804599314262712
860,s27,860s27,0.0578653701045337
860,s28,860s28,0.0475492110219657
